hazard_id,attribute_id,score_letter
OH_ILG,H_FREQ,E
OH_ILP,H_FREQ,C
OH_THAB,H_FREQ,E
OH_TMIN,H_FREQ,E
OH_TASB,H_FREQ,E
OH_TRAD,H_FREQ,E
OH_TVFF,H_FREQ,E
OH_ZANT,H_FREQ,E
OH_ZMOS,H_FREQ,E
OH_ZRAB,H_FREQ,E
OH_ZTIC,H_FREQ,E
OH_ZFLE,H_FREQ,E
OH_ZASE,H_FREQ,E
OH_ZWBD,H_FREQ,E
OH_ISAQ,H_FREQ,E
OH_ISTE,H_FREQ,E
OH_ISIN,H_FREQ,E
OH_SWP,H_FREQ,E
OH_WDAV,H_FREQ,E
OH_WDAQ,H_FREQ,E
OH_WDTE,H_FREQ,E
FIRE,H_FREQ,D
MET_COLD,H_FREQ,E
MET_DRO,H_FREQ,E
MET_HEAT,H_FREQ,E
MET_HAIL,H_FREQ,E
MET_LIGH,H_FREQ,E
MET_HSS,H_FREQ,D
MET_HWI,H_FREQ,D
MET_ICE,H_FREQ,D
MET_SNOW,H_FREQ,D
MET_TOR,H_FREQ,E
GEO_CEC,H_FREQ,E
GEO_CES,H_FREQ,D
GEO_CWL,H_FREQ,E
GEO_CWS,H_FREQ,E
GEO_FWCS,H_FREQ,D
GEO_ESZ,H_FREQ,B
GEO_EMAJ,H_FREQ,C
GEO_EMIN,H_FREQ,D
GEO_LSF,H_FREQ,E
GEO_LSS,H_FREQ,E
GEO_LSDF,H_FREQ,E
GEO_LSSU,H_FREQ,B
GEO_LSMD,H_FREQ,C
GEO_KARST,H_FREQ,E
GEO_SW,H_FREQ,B
GEO_FW,H_FREQ,E
GEO_FF,H_FREQ,E
GEO_TD,H_FREQ,D
GEO_TLR,H_FREQ,C
GEO_TLP,H_FREQ,C
GEO_VLAH,H_FREQ,C
GEO_VPLF,H_FREQ,C
GEO_VPF,H_FREQ,C
GEO_VLAVA,H_FREQ,C
GEO_VOG,H_FREQ,C
GEO_VASH,H_FREQ,C
TECH_CONT,H_FREQ,E
TECH_FLTX,H_FREQ,E
TECH_LFILL,H_FREQ,E
TECH_SUFU,H_FREQ,E
TECH_NGEX,H_FREQ,D
TECH_OIL,H_FREQ,E
TECH_POW,H_FREQ,D
TECH_RAD,H_FREQ,C
TECH_INF,H_FREQ,D
TECH_IDAM,H_FREQ,D
TECH_ILEV,H_FREQ,D
ADV_AS,H_FREQ,E
ADV_CRBO,H_FREQ,E
ADV_CDATA,H_FREQ,D
ADV_CPI,H_FREQ,D
ADV_SLE,H_FREQ,D
ADV_TEV,H_FREQ,D
OH_ILG,H_LIKE,E
OH_ILP,H_LIKE,D
OH_THAB,H_LIKE,E
OH_TMIN,H_LIKE,E
OH_TASB,H_LIKE,E
OH_TRAD,H_LIKE,E
OH_TVFF,H_LIKE,E
OH_ZANT,H_LIKE,E
OH_ZMOS,H_LIKE,E
OH_ZRAB,H_LIKE,E
OH_ZTIC,H_LIKE,E
OH_ZFLE,H_LIKE,E
OH_ZASE,H_LIKE,E
OH_ZWBD,H_LIKE,E
OH_ISAQ,H_LIKE,E
OH_ISTE,H_LIKE,E
OH_ISIN,H_LIKE,E
OH_SWP,H_LIKE,E
OH_WDAV,H_LIKE,E
OH_WDAQ,H_LIKE,E
OH_WDTE,H_LIKE,E
FIRE,H_LIKE,E
MET_COLD,H_LIKE,E
MET_DRO,H_LIKE,E
MET_HEAT,H_LIKE,E
MET_HAIL,H_LIKE,E
MET_LIGH,H_LIKE,E
MET_HSS,H_LIKE,E
MET_HWI,H_LIKE,E
MET_ICE,H_LIKE,E
MET_SNOW,H_LIKE,E
MET_TOR,H_LIKE,E
GEO_CEC,H_LIKE,E
GEO_CES,H_LIKE,E
GEO_CWL,H_LIKE,E
GEO_CWS,H_LIKE,E
GEO_FWCS,H_LIKE,E
GEO_ESZ,H_LIKE,B
GEO_EMAJ,H_LIKE,C
GEO_EMIN,H_LIKE,D
GEO_LSF,H_LIKE,E
GEO_LSS,H_LIKE,E
GEO_LSDF,H_LIKE,E
GEO_LSSU,H_LIKE,A
GEO_LSMD,H_LIKE,E
GEO_KARST,H_LIKE,E
GEO_SW,H_LIKE,A
GEO_FW,H_LIKE,E
GEO_FF,H_LIKE,E
GEO_TD,H_LIKE,D
GEO_TLR,H_LIKE,C
GEO_TLP,H_LIKE,B
GEO_VLAH,H_LIKE,B
GEO_VPLF,H_LIKE,B
GEO_VPF,H_LIKE,B
GEO_VLAVA,H_LIKE,C
GEO_VOG,H_LIKE,C
GEO_VASH,H_LIKE,C
TECH_CONT,H_LIKE,E
TECH_FLTX,H_LIKE,E
TECH_LFILL,H_LIKE,E
TECH_SUFU,H_LIKE,E
TECH_NGEX,H_LIKE,E
TECH_OIL,H_LIKE,E
TECH_POW,H_LIKE,E
TECH_RAD,H_LIKE,A
TECH_INF,H_LIKE,E
TECH_IDAM,H_LIKE,E
TECH_ILEV,H_LIKE,E
ADV_AS,H_LIKE,E
ADV_CRBO,H_LIKE,E
ADV_CDATA,H_LIKE,E
ADV_CPI,H_LIKE,E
ADV_SLE,H_LIKE,E
ADV_TEV,H_LIKE,D
OH_ILG,H_SPED,E
OH_ILP,H_SPED,B
OH_THAB,H_SPED,D
OH_TMIN,H_SPED,E
OH_TASB,H_SPED,E
OH_TRAD,H_SPED,B
OH_TVFF,H_SPED,C
OH_ZANT,H_SPED,E
OH_ZMOS,H_SPED,C
OH_ZRAB,H_SPED,B
OH_ZTIC,H_SPED,C
OH_ZFLE,H_SPED,C
OH_ZASE,H_SPED,C
OH_ZWBD,H_SPED,C
OH_ISAQ,H_SPED,B
OH_ISTE,H_SPED,B
OH_ISIN,H_SPED,B
OH_SWP,H_SPED,E
OH_WDAV,H_SPED,E
OH_WDAQ,H_SPED,C
OH_WDTE,H_SPED,E
FIRE,H_SPED,D
MET_COLD,H_SPED,C
MET_DRO,H_SPED,B
MET_HEAT,H_SPED,C
MET_HAIL,H_SPED,E
MET_LIGH,H_SPED,E
MET_HSS,H_SPED,C
MET_HWI,H_SPED,C
MET_ICE,H_SPED,C
MET_SNOW,H_SPED,C
MET_TOR,H_SPED,E
GEO_CEC,H_SPED,E
GEO_CES,H_SPED,C
GEO_CWL,H_SPED,E
GEO_CWS,H_SPED,E
GEO_FWCS,H_SPED,C
GEO_ESZ,H_SPED,E
GEO_EMAJ,H_SPED,E
GEO_EMIN,H_SPED,E
GEO_LSF,H_SPED,E
GEO_LSS,H_SPED,C
GEO_LSDF,H_SPED,E
GEO_LSSU,H_SPED,E
GEO_LSMD,H_SPED,C
GEO_KARST,H_SPED,E
GEO_SW,H_SPED,E
GEO_FW,H_SPED,C
GEO_FF,H_SPED,E
GEO_TD,H_SPED,D
GEO_TLR,H_SPED,E
GEO_TLP,H_SPED,E
GEO_VLAH,H_SPED,D
GEO_VPLF,H_SPED,B
GEO_VPF,H_SPED,E
GEO_VLAVA,H_SPED,C
GEO_VOG,H_SPED,C
GEO_VASH,H_SPED,D
TECH_CONT,H_SPED,C
TECH_FLTX,H_SPED,C
TECH_LFILL,H_SPED,B
TECH_SUFU,H_SPED,C
TECH_NGEX,H_SPED,E
TECH_OIL,H_SPED,E
TECH_POW,H_SPED,E
TECH_RAD,H_SPED,E
TECH_INF,H_SPED,E
TECH_IDAM,H_SPED,D
TECH_ILEV,H_SPED,D
ADV_AS,H_SPED,E
ADV_CRBO,H_SPED,E
ADV_CDATA,H_SPED,E
ADV_CPI,H_SPED,E
ADV_SLE,H_SPED,E
ADV_TEV,H_SPED,E
OH_ILG,H_DUR,C
OH_ILP,H_DUR,B
OH_THAB,H_DUR,B
OH_TMIN,H_DUR,A
OH_TASB,H_DUR,A
OH_TRAD,H_DUR,A
OH_TVFF,H_DUR,A
OH_ZANT,H_DUR,A
OH_ZMOS,H_DUR,A
OH_ZRAB,H_DUR,A
OH_ZTIC,H_DUR,A
OH_ZFLE,H_DUR,A
OH_ZASE,H_DUR,A
OH_ZWBD,H_DUR,A
OH_ISAQ,H_DUR,A
OH_ISTE,H_DUR,A
OH_ISIN,H_DUR,A
OH_SWP,H_DUR,A
OH_WDAV,H_DUR,C
OH_WDAQ,H_DUR,B
OH_WDTE,H_DUR,C
FIRE,H_DUR,B
MET_COLD,H_DUR,C
MET_DRO,H_DUR,A
MET_HEAT,H_DUR,C
MET_HAIL,H_DUR,E
MET_LIGH,H_DUR,E
MET_HSS,H_DUR,C
MET_HWI,H_DUR,C
MET_ICE,H_DUR,C
MET_SNOW,H_DUR,C
MET_TOR,H_DUR,E
GEO_CEC,H_DUR,A
GEO_CES,H_DUR,C
GEO_CWL,H_DUR,A
GEO_CWS,H_DUR,D
GEO_FWCS,H_DUR,C
GEO_ESZ,H_DUR,A
GEO_EMAJ,H_DUR,B
GEO_EMIN,H_DUR,B
GEO_LSF,H_DUR,E
GEO_LSS,H_DUR,A
GEO_LSDF,H_DUR,E
GEO_LSSU,H_DUR,D
GEO_LSMD,H_DUR,D
GEO_KARST,H_DUR,C
GEO_SW,H_DUR,C
GEO_FW,H_DUR,B
GEO_FF,H_DUR,E
GEO_TD,H_DUR,C
GEO_TLR,H_DUR,D
GEO_TLP,H_DUR,E
GEO_VLAH,H_DUR,D
GEO_VPLF,H_DUR,A
GEO_VPF,H_DUR,D
GEO_VLAVA,H_DUR,A
GEO_VOG,H_DUR,A
GEO_VASH,H_DUR,C
TECH_CONT,H_DUR,A
TECH_FLTX,H_DUR,C
TECH_LFILL,H_DUR,A
TECH_SUFU,H_DUR,A
TECH_NGEX,H_DUR,E
TECH_OIL,H_DUR,A
TECH_POW,H_DUR,D
TECH_RAD,H_DUR,C
TECH_INF,H_DUR,E
TECH_IDAM,H_DUR,D
TECH_ILEV,H_DUR,D
ADV_AS,H_DUR,E
ADV_CRBO,H_DUR,A
ADV_CDATA,H_DUR,E
ADV_CPI,H_DUR,C
ADV_SLE,H_DUR,B
ADV_TEV,H_DUR,E
OH_ILG,H_TIM,E
OH_ILP,H_TIM,E
OH_THAB,H_TIM,C
OH_TMIN,H_TIM,E
OH_TASB,H_TIM,E
OH_TRAD,H_TIM,E
OH_TVFF,H_TIM,E
OH_ZANT,H_TIM,E
OH_ZMOS,H_TIM,C
OH_ZRAB,H_TIM,E
OH_ZTIC,H_TIM,C
OH_ZFLE,H_TIM,C
OH_ZASE,H_TIM,E
OH_ZWBD,H_TIM,E
OH_ISAQ,H_TIM,E
OH_ISTE,H_TIM,E
OH_ISIN,H_TIM,E
OH_SWP,H_TIM,E
OH_WDAV,H_TIM,E
OH_WDAQ,H_TIM,C
OH_WDTE,H_TIM,E
FIRE,H_TIM,E
MET_COLD,H_TIM,C
MET_DRO,H_TIM,D
MET_HEAT,H_TIM,C
MET_HAIL,H_TIM,E
MET_LIGH,H_TIM,E
MET_HSS,H_TIM,C
MET_HWI,H_TIM,C
MET_ICE,H_TIM,C
MET_SNOW,H_TIM,C
MET_TOR,H_TIM,E
GEO_CEC,H_TIM,E
GEO_CES,H_TIM,C
GEO_CWL,H_TIM,E
GEO_CWS,H_TIM,E
GEO_FWCS,H_TIM,C
GEO_ESZ,H_TIM,E
GEO_EMAJ,H_TIM,E
GEO_EMIN,H_TIM,E
GEO_LSF,H_TIM,E
GEO_LSS,H_TIM,C
GEO_LSDF,H_TIM,E
GEO_LSSU,H_TIM,E
GEO_LSMD,H_TIM,D
GEO_KARST,H_TIM,E
GEO_SW,H_TIM,E
GEO_FW,H_TIM,E
GEO_FF,H_TIM,C
GEO_TD,H_TIM,E
GEO_TLR,H_TIM,E
GEO_TLP,H_TIM,E
GEO_VLAH,H_TIM,E
GEO_VPLF,H_TIM,E
GEO_VPF,H_TIM,E
GEO_VLAVA,H_TIM,E
GEO_VOG,H_TIM,E
GEO_VASH,H_TIM,E
TECH_CONT,H_TIM,E
TECH_FLTX,H_TIM,E
TECH_LFILL,H_TIM,E
TECH_SUFU,H_TIM,E
TECH_NGEX,H_TIM,E
TECH_OIL,H_TIM,E
TECH_POW,H_TIM,E
TECH_RAD,H_TIM,E
TECH_INF,H_TIM,E
TECH_IDAM,H_TIM,E
TECH_ILEV,H_TIM,E
ADV_AS,H_TIM,E
ADV_CRBO,H_TIM,E
ADV_CDATA,H_TIM,E
ADV_CPI,H_TIM,E
ADV_SLE,H_TIM,E
ADV_TEV,H_TIM,E
OH_ILG,H_LOC,E
OH_ILP,H_LOC,E
OH_THAB,H_LOC,E
OH_TMIN,H_LOC,B
OH_TASB,H_LOC,C
OH_TRAD,H_LOC,E
OH_TVFF,H_LOC,C
OH_ZANT,H_LOC,B
OH_ZMOS,H_LOC,E
OH_ZRAB,H_LOC,E
OH_ZTIC,H_LOC,E
OH_ZFLE,H_LOC,E
OH_ZASE,H_LOC,E
OH_ZWBD,H_LOC,E
OH_ISAQ,H_LOC,E
OH_ISTE,H_LOC,E
OH_ISIN,H_LOC,E
OH_SWP,H_LOC,E
OH_WDAV,H_LOC,E
OH_WDAQ,H_LOC,C
OH_WDTE,H_LOC,E
FIRE,H_LOC,E
MET_COLD,H_LOC,E
MET_DRO,H_LOC,E
MET_HEAT,H_LOC,E
MET_HAIL,H_LOC,E
MET_LIGH,H_LOC,E
MET_HSS,H_LOC,D
MET_HWI,H_LOC,D
MET_ICE,H_LOC,D
MET_SNOW,H_LOC,E
MET_TOR,H_LOC,E
GEO_CEC,H_LOC,C
GEO_CES,H_LOC,C
GEO_CWL,H_LOC,C
GEO_CWS,H_LOC,C
GEO_FWCS,H_LOC,C
GEO_ESZ,H_LOC,C
GEO_EMAJ,H_LOC,D
GEO_EMIN,H_LOC,E
GEO_LSF,H_LOC,C
GEO_LSS,H_LOC,C
GEO_LSDF,H_LOC,C
GEO_LSSU,H_LOC,C
GEO_LSMD,H_LOC,B
GEO_KARST,H_LOC,D
GEO_SW,H_LOC,E
GEO_FW,H_LOC,C
GEO_FF,H_LOC,B
GEO_TD,H_LOC,C
GEO_TLR,H_LOC,B
GEO_TLP,H_LOC,B
GEO_VLAH,H_LOC,B
GEO_VPLF,H_LOC,B
GEO_VPF,H_LOC,B
GEO_VLAVA,H_LOC,B
GEO_VOG,H_LOC,B
GEO_VASH,H_LOC,D
TECH_CONT,H_LOC,A
TECH_FLTX,H_LOC,A
TECH_LFILL,H_LOC,A
TECH_SUFU,H_LOC,A
TECH_NGEX,H_LOC,E
TECH_OIL,H_LOC,E
TECH_POW,H_LOC,D
TECH_RAD,H_LOC,A
TECH_INF,H_LOC,A
TECH_IDAM,H_LOC,A
TECH_ILEV,H_LOC,B
ADV_AS,H_LOC,E
ADV_CRBO,H_LOC,C
ADV_CDATA,H_LOC,E
ADV_CPI,H_LOC,E
ADV_SLE,H_LOC,E
ADV_TEV,H_LOC,E
OH_ILG,H_MAP,E
OH_ILP,H_MAP,E
OH_THAB,H_MAP,D
OH_TMIN,H_MAP,B
OH_TASB,H_MAP,B
OH_TRAD,H_MAP,E
OH_TVFF,H_MAP,B
OH_ZANT,H_MAP,B
OH_ZMOS,H_MAP,C
OH_ZRAB,H_MAP,D
OH_ZTIC,H_MAP,B
OH_ZFLE,H_MAP,D
OH_ZASE,H_MAP,C
OH_ZWBD,H_MAP,B
OH_ISAQ,H_MAP,B
OH_ISTE,H_MAP,B
OH_ISIN,H_MAP,B
OH_SWP,H_MAP,B
OH_WDAV,H_MAP,B
OH_WDAQ,H_MAP,B
OH_WDTE,H_MAP,D
FIRE,H_MAP,B
MET_COLD,H_MAP,C
MET_DRO,H_MAP,A
MET_HEAT,H_MAP,C
MET_HAIL,H_MAP,C
MET_LIGH,H_MAP,C
MET_HSS,H_MAP,A
MET_HWI,H_MAP,A
MET_ICE,H_MAP,C
MET_SNOW,H_MAP,C
MET_TOR,H_MAP,C
GEO_CEC,H_MAP,A
GEO_CES,H_MAP,A
GEO_CWL,H_MAP,A
GEO_CWS,H_MAP,A
GEO_FWCS,H_MAP,A
GEO_ESZ,H_MAP,A
GEO_EMAJ,H_MAP,A
GEO_EMIN,H_MAP,A
GEO_LSF,H_MAP,B
GEO_LSS,H_MAP,D
GEO_LSDF,H_MAP,A
GEO_LSSU,H_MAP,B
GEO_LSMD,H_MAP,A
GEO_KARST,H_MAP,B
GEO_SW,H_MAP,A
GEO_FW,H_MAP,A
GEO_FF,H_MAP,A
GEO_TD,H_MAP,A
GEO_TLR,H_MAP,A
GEO_TLP,H_MAP,A
GEO_VLAH,H_MAP,A
GEO_VPLF,H_MAP,A
GEO_VPF,H_MAP,A
GEO_VLAVA,H_MAP,A
GEO_VOG,H_MAP,C
GEO_VASH,H_MAP,C
TECH_CONT,H_MAP,D
TECH_FLTX,H_MAP,D
TECH_LFILL,H_MAP,D
TECH_SUFU,H_MAP,D
TECH_NGEX,H_MAP,D
TECH_OIL,H_MAP,D
TECH_POW,H_MAP,D
TECH_RAD,H_MAP,D
TECH_INF,H_MAP,B
TECH_IDAM,H_MAP,A
TECH_ILEV,H_MAP,A
ADV_AS,H_MAP,E
ADV_CRBO,H_MAP,C
ADV_CDATA,H_MAP,E
ADV_CPI,H_MAP,E
ADV_SLE,H_MAP,C
ADV_TEV,H_MAP,E
OH_ILG,H_SCALE,A
OH_ILP,H_SCALE,E
OH_THAB,H_SCALE,D
OH_TMIN,H_SCALE,E
OH_TASB,H_SCALE,D
OH_TRAD,H_SCALE,A
OH_TVFF,H_SCALE,D
OH_ZANT,H_SCALE,D
OH_ZMOS,H_SCALE,D
OH_ZRAB,H_SCALE,A
OH_ZTIC,H_SCALE,E
OH_ZFLE,H_SCALE,B
OH_ZASE,H_SCALE,D
OH_ZWBD,H_SCALE,E
OH_ISAQ,H_SCALE,E
OH_ISTE,H_SCALE,E
OH_ISIN,H_SCALE,E
OH_SWP,H_SCALE,C
OH_WDAV,H_SCALE,E
OH_WDAQ,H_SCALE,D
OH_WDTE,H_SCALE,D
FIRE,H_SCALE,D
MET_COLD,H_SCALE,D
MET_DRO,H_SCALE,D
MET_HEAT,H_SCALE,D
MET_HAIL,H_SCALE,B
MET_LIGH,H_SCALE,B
MET_HSS,H_SCALE,D
MET_HWI,H_SCALE,D
MET_ICE,H_SCALE,D
MET_SNOW,H_SCALE,D
MET_TOR,H_SCALE,C
GEO_CEC,H_SCALE,C
GEO_CES,H_SCALE,C
GEO_CWL,H_SCALE,D
GEO_CWS,H_SCALE,C
GEO_FWCS,H_SCALE,C
GEO_ESZ,H_SCALE,E
GEO_EMAJ,H_SCALE,D
GEO_EMIN,H_SCALE,C
GEO_LSF,H_SCALE,B
GEO_LSS,H_SCALE,B
GEO_LSDF,H_SCALE,B
GEO_LSSU,H_SCALE,B
GEO_LSMD,H_SCALE,A
GEO_KARST,H_SCALE,A
GEO_SW,H_SCALE,E
GEO_FW,H_SCALE,D
GEO_FF,H_SCALE,A
GEO_TD,H_SCALE,D
GEO_TLR,H_SCALE,D
GEO_TLP,H_SCALE,B
GEO_VLAH,H_SCALE,C
GEO_VPLF,H_SCALE,C
GEO_VPF,H_SCALE,C
GEO_VLAVA,H_SCALE,C
GEO_VOG,H_SCALE,C
GEO_VASH,H_SCALE,D
TECH_CONT,H_SCALE,B
TECH_FLTX,H_SCALE,B
TECH_LFILL,H_SCALE,B
TECH_SUFU,H_SCALE,B
TECH_NGEX,H_SCALE,A
TECH_OIL,H_SCALE,C
TECH_POW,H_SCALE,D
TECH_RAD,H_SCALE,B
TECH_INF,H_SCALE,A
TECH_IDAM,H_SCALE,D
TECH_ILEV,H_SCALE,C
ADV_AS,H_SCALE,A
ADV_CRBO,H_SCALE,D
ADV_CDATA,H_SCALE,D
ADV_CPI,H_SCALE,C
ADV_SLE,H_SCALE,D
ADV_TEV,H_SCALE,B
OH_ILG,C_NH,A
OH_ILP,C_NH,A
OH_THAB,C_NH,A
OH_TMIN,C_NH,A
OH_TASB,C_NH,A
OH_TRAD,C_NH,B
OH_TVFF,C_NH,A
OH_ZANT,C_NH,A
OH_ZMOS,C_NH,A
OH_ZRAB,C_NH,A
OH_ZTIC,C_NH,A
OH_ZFLE,C_NH,A
OH_ZASE,C_NH,A
OH_ZWBD,C_NH,A
OH_ISAQ,C_NH,A
OH_ISTE,C_NH,A
OH_ISIN,C_NH,A
OH_SWP,C_NH,A
OH_WDAV,C_NH,A
OH_WDAQ,C_NH,A
OH_WDTE,C_NH,A
FIRE,C_NH,C
MET_COLD,C_NH,A
MET_DRO,C_NH,C
MET_HEAT,C_NH,A
MET_HAIL,C_NH,A
MET_LIGH,C_NH,A
MET_HSS,C_NH,C
MET_HWI,C_NH,A
MET_ICE,C_NH,A
MET_SNOW,C_NH,A
MET_TOR,C_NH,A
GEO_CEC,C_NH,C
GEO_CES,C_NH,C
GEO_CWL,C_NH,C
GEO_CWS,C_NH,C
GEO_FWCS,C_NH,C
GEO_ESZ,C_NH,E
GEO_EMAJ,C_NH,D
GEO_EMIN,C_NH,C
GEO_LSF,C_NH,C
GEO_LSS,C_NH,C
GEO_LSDF,C_NH,C
GEO_LSSU,C_NH,C
GEO_LSMD,C_NH,B
GEO_KARST,C_NH,B
GEO_SW,C_NH,A
GEO_FW,C_NH,C
GEO_FF,C_NH,C
GEO_TD,C_NH,B
GEO_TLR,C_NH,B
GEO_TLP,C_NH,B
GEO_VLAH,C_NH,E
GEO_VPLF,C_NH,A
GEO_VPF,C_NH,E
GEO_VLAVA,C_NH,E
GEO_VOG,C_NH,A
GEO_VASH,C_NH,D
TECH_CONT,C_NH,A
TECH_FLTX,C_NH,A
TECH_LFILL,C_NH,A
TECH_SUFU,C_NH,A
TECH_NGEX,C_NH,A
TECH_OIL,C_NH,A
TECH_POW,C_NH,A
TECH_RAD,C_NH,A
TECH_INF,C_NH,A
TECH_IDAM,C_NH,C
TECH_ILEV,C_NH,C
ADV_AS,C_NH,A
ADV_CRBO,C_NH,A
ADV_CDATA,C_NH,A
ADV_CPI,C_NH,A
ADV_SLE,C_NH,A
ADV_TEV,C_NH,A
OH_ILG,C_HM,A
OH_ILP,C_HM,A
OH_THAB,C_HM,C
OH_TMIN,C_HM,A
OH_TASB,C_HM,A
OH_TRAD,C_HM,A
OH_TVFF,C_HM,A
OH_ZANT,C_HM,A
OH_ZMOS,C_HM,A
OH_ZRAB,C_HM,A
OH_ZTIC,C_HM,A
OH_ZFLE,C_HM,A
OH_ZASE,C_HM,A
OH_ZWBD,C_HM,A
OH_ISAQ,C_HM,A
OH_ISTE,C_HM,A
OH_ISIN,C_HM,A
OH_SWP,C_HM,B
OH_WDAV,C_HM,A
OH_WDAQ,C_HM,C
OH_WDTE,C_HM,A
FIRE,C_HM,D
MET_COLD,C_HM,A
MET_DRO,C_HM,B
MET_HEAT,C_HM,B
MET_HAIL,C_HM,B
MET_LIGH,C_HM,B
MET_HSS,C_HM,E
MET_HWI,C_HM,E
MET_ICE,C_HM,B
MET_SNOW,C_HM,B
MET_TOR,C_HM,D
GEO_CEC,C_HM,B
GEO_CES,C_HM,B
GEO_CWL,C_HM,E
GEO_CWS,C_HM,D
GEO_FWCS,C_HM,E
GEO_ESZ,C_HM,E
GEO_EMAJ,C_HM,D
GEO_EMIN,C_HM,C
GEO_LSF,C_HM,E
GEO_LSS,C_HM,E
GEO_LSDF,C_HM,E
GEO_LSSU,C_HM,C
GEO_LSMD,C_HM,D
GEO_KARST,C_HM,C
GEO_SW,C_HM,C
GEO_FW,C_HM,E
GEO_FF,C_HM,E
GEO_TD,C_HM,E
GEO_TLR,C_HM,E
GEO_TLP,C_HM,E
GEO_VLAH,C_HM,E
GEO_VPLF,C_HM,D
GEO_VPF,C_HM,E
GEO_VLAVA,C_HM,C
GEO_VOG,C_HM,A
GEO_VASH,C_HM,A
TECH_CONT,C_HM,E
TECH_FLTX,C_HM,E
TECH_LFILL,C_HM,D
TECH_SUFU,C_HM,E
TECH_NGEX,C_HM,E
TECH_OIL,C_HM,E
TECH_POW,C_HM,B
TECH_RAD,C_HM,E
TECH_INF,C_HM,C
TECH_IDAM,C_HM,D
TECH_ILEV,C_HM,D
ADV_AS,C_HM,A
ADV_CRBO,C_HM,A
ADV_CDATA,C_HM,A
ADV_CPI,C_HM,C
ADV_SLE,C_HM,C
ADV_TEV,C_HM,C
OH_ILG,C_HH,C
OH_ILP,C_HH,E
OH_THAB,C_HH,E
OH_TMIN,C_HH,B
OH_TASB,C_HH,C
OH_TRAD,C_HH,C
OH_TVFF,C_HH,C
OH_ZANT,C_HH,C
OH_ZMOS,C_HH,C
OH_ZRAB,C_HH,B
OH_ZTIC,C_HH,D
OH_ZFLE,C_HH,C
OH_ZASE,C_HH,C
OH_ZWBD,C_HH,C
OH_ISAQ,C_HH,C
OH_ISTE,C_HH,C
OH_ISIN,C_HH,C
OH_SWP,C_HH,C
OH_WDAV,C_HH,C
OH_WDAQ,C_HH,C
OH_WDTE,C_HH,C
FIRE,C_HH,D
MET_COLD,C_HH,C
MET_DRO,C_HH,C
MET_HEAT,C_HH,C
MET_HAIL,C_HH,A
MET_LIGH,C_HH,A
MET_HSS,C_HH,C
MET_HWI,C_HH,C
MET_ICE,C_HH,C
MET_SNOW,C_HH,C
MET_TOR,C_HH,C
GEO_CEC,C_HH,A
GEO_CES,C_HH,B
GEO_CWL,C_HH,C
GEO_CWS,C_HH,C
GEO_FWCS,C_HH,C
GEO_ESZ,C_HH,C
GEO_EMAJ,C_HH,B
GEO_EMIN,C_HH,B
GEO_LSF,C_HH,B
GEO_LSS,C_HH,B
GEO_LSDF,C_HH,B
GEO_LSSU,C_HH,B
GEO_LSMD,C_HH,B
GEO_KARST,C_HH,B
GEO_SW,C_HH,A
GEO_FW,C_HH,C
GEO_FF,C_HH,C
GEO_TD,C_HH,B
GEO_TLR,C_HH,C
GEO_TLP,C_HH,B
GEO_VLAH,C_HH,C
GEO_VPLF,C_HH,B
GEO_VPF,C_HH,B
GEO_VLAVA,C_HH,B
GEO_VOG,C_HH,C
GEO_VASH,C_HH,C
TECH_CONT,C_HH,C
TECH_FLTX,C_HH,C
TECH_LFILL,C_HH,C
TECH_SUFU,C_HH,C
TECH_NGEX,C_HH,C
TECH_OIL,C_HH,C
TECH_POW,C_HH,C
TECH_RAD,C_HH,D
TECH_INF,C_HH,C
TECH_IDAM,C_HH,C
TECH_ILEV,C_HH,C
ADV_AS,C_HH,B
ADV_CRBO,C_HH,C
ADV_CDATA,C_HH,B
ADV_CPI,C_HH,C
ADV_SLE,C_HH,C
ADV_TEV,C_HH,C
OH_ILG,C_INFR,A
OH_ILP,C_INFR,A
OH_THAB,C_INFR,A
OH_TMIN,C_INFR,A
OH_TASB,C_INFR,A
OH_TRAD,C_INFR,A
OH_TVFF,C_INFR,A
OH_ZANT,C_INFR,A
OH_ZMOS,C_INFR,A
OH_ZRAB,C_INFR,A
OH_ZTIC,C_INFR,A
OH_ZFLE,C_INFR,A
OH_ZASE,C_INFR,A
OH_ZWBD,C_INFR,A
OH_ISAQ,C_INFR,C
OH_ISTE,C_INFR,A
OH_ISIN,C_INFR,A
OH_SWP,C_INFR,A
OH_WDAV,C_INFR,A
OH_WDAQ,C_INFR,A
OH_WDTE,C_INFR,A
FIRE,C_INFR,C
MET_COLD,C_INFR,C
MET_DRO,C_INFR,C
MET_HEAT,C_INFR,C
MET_HAIL,C_INFR,B
MET_LIGH,C_INFR,C
MET_HSS,C_INFR,D
MET_HWI,C_INFR,D
MET_ICE,C_INFR,D
MET_SNOW,C_INFR,C
MET_TOR,C_INFR,D
GEO_CEC,C_INFR,C
GEO_CES,C_INFR,C
GEO_CWL,C_INFR,D
GEO_CWS,C_INFR,D
GEO_FWCS,C_INFR,D
GEO_ESZ,C_INFR,E
GEO_EMAJ,C_INFR,E
GEO_EMIN,C_INFR,D
GEO_LSF,C_INFR,D
GEO_LSS,C_INFR,D
GEO_LSDF,C_INFR,D
GEO_LSSU,C_INFR,C
GEO_LSMD,C_INFR,E
GEO_KARST,C_INFR,D
GEO_SW,C_INFR,D
GEO_FW,C_INFR,D
GEO_FF,C_INFR,D
GEO_TD,C_INFR,C
GEO_TLR,C_INFR,E
GEO_TLP,C_INFR,C
GEO_VLAH,C_INFR,D
GEO_VPLF,C_INFR,D
GEO_VPF,C_INFR,A
GEO_VLAVA,C_INFR,A
GEO_VOG,C_INFR,A
GEO_VASH,C_INFR,E
TECH_CONT,C_INFR,A
TECH_FLTX,C_INFR,C
TECH_LFILL,C_INFR,A
TECH_SUFU,C_INFR,A
TECH_NGEX,C_INFR,C
TECH_OIL,C_INFR,B
TECH_POW,C_INFR,C
TECH_RAD,C_INFR,B
TECH_INF,C_INFR,D
TECH_IDAM,C_INFR,D
TECH_ILEV,C_INFR,D
ADV_AS,C_INFR,A
ADV_CRBO,C_INFR,A
ADV_CDATA,C_INFR,A
ADV_CPI,C_INFR,E
ADV_SLE,C_INFR,C
ADV_TEV,C_INFR,C
OH_ILG,C_EH,A
OH_ILP,C_EH,A
OH_THAB,C_EH,E
OH_TMIN,C_EH,D
OH_TASB,C_EH,C
OH_TRAD,C_EH,C
OH_TVFF,C_EH,A
OH_ZANT,C_EH,A
OH_ZMOS,C_EH,A
OH_ZRAB,C_EH,A
OH_ZTIC,C_EH,A
OH_ZFLE,C_EH,A
OH_ZASE,C_EH,A
OH_ZWBD,C_EH,B
OH_ISAQ,C_EH,D
OH_ISTE,C_EH,B
OH_ISIN,C_EH,C
OH_SWP,C_EH,E
OH_WDAV,C_EH,A
OH_WDAQ,C_EH,C
OH_WDTE,C_EH,A
FIRE,C_EH,C
MET_COLD,C_EH,B
MET_DRO,C_EH,D
MET_HEAT,C_EH,B
MET_HAIL,C_EH,B
MET_LIGH,C_EH,C
MET_HSS,C_EH,D
MET_HWI,C_EH,D
MET_ICE,C_EH,B
MET_SNOW,C_EH,B
MET_TOR,C_EH,C
GEO_CEC,C_EH,C
GEO_CES,C_EH,C
GEO_CWL,C_EH,D
GEO_CWS,C_EH,D
GEO_FWCS,C_EH,D
GEO_ESZ,C_EH,E
GEO_EMAJ,C_EH,D
GEO_EMIN,C_EH,C
GEO_LSF,C_EH,D
GEO_LSS,C_EH,D
GEO_LSDF,C_EH,E
GEO_LSSU,C_EH,C
GEO_LSMD,C_EH,D
GEO_KARST,C_EH,C
GEO_SW,C_EH,A
GEO_FW,C_EH,E
GEO_FF,C_EH,C
GEO_TD,C_EH,C
GEO_TLR,C_EH,D
GEO_TLP,C_EH,C
GEO_VLAH,C_EH,A
GEO_VPLF,C_EH,A
GEO_VPF,C_EH,A
GEO_VLAVA,C_EH,A
GEO_VOG,C_EH,E
GEO_VASH,C_EH,B
TECH_CONT,C_EH,E
TECH_FLTX,C_EH,E
TECH_LFILL,C_EH,E
TECH_SUFU,C_EH,E
TECH_NGEX,C_EH,E
TECH_OIL,C_EH,E
TECH_POW,C_EH,E
TECH_RAD,C_EH,E
TECH_INF,C_EH,E
TECH_IDAM,C_EH,D
TECH_ILEV,C_EH,D
ADV_AS,C_EH,A
ADV_CRBO,C_EH,C
ADV_CDATA,C_EH,A
ADV_CPI,C_EH,C
ADV_SLE,C_EH,B
ADV_TEV,C_EH,C
OH_ILG,C_FH,A
OH_ILP,C_FH,A
OH_THAB,C_FH,A
OH_TMIN,C_FH,A
OH_TASB,C_FH,A
OH_TRAD,C_FH,A
OH_TVFF,C_FH,A
OH_ZANT,C_FH,A
OH_ZMOS,C_FH,A
OH_ZRAB,C_FH,A
OH_ZTIC,C_FH,A
OH_ZFLE,C_FH,A
OH_ZASE,C_FH,A
OH_ZWBD,C_FH,A
OH_ISAQ,C_FH,A
OH_ISTE,C_FH,C
OH_ISIN,C_FH,E
OH_SWP,C_FH,B
OH_WDAV,C_FH,A
OH_WDAQ,C_FH,A
OH_WDTE,C_FH,A
FIRE,C_FH,E
MET_COLD,C_FH,A
MET_DRO,C_FH,C
MET_HEAT,C_FH,C
MET_HAIL,C_FH,A
MET_LIGH,C_FH,E
MET_HSS,C_FH,C
MET_HWI,C_FH,C
MET_ICE,C_FH,C
MET_SNOW,C_FH,C
MET_TOR,C_FH,C
GEO_CEC,C_FH,A
GEO_CES,C_FH,A
GEO_CWL,C_FH,A
GEO_CWS,C_FH,A
GEO_FWCS,C_FH,A
GEO_ESZ,C_FH,E
GEO_EMAJ,C_FH,E
GEO_EMIN,C_FH,C
GEO_LSF,C_FH,C
GEO_LSS,C_FH,C
GEO_LSDF,C_FH,C
GEO_LSSU,C_FH,B
GEO_LSMD,C_FH,C
GEO_KARST,C_FH,C
GEO_SW,C_FH,A
GEO_FW,C_FH,B
GEO_FF,C_FH,C
GEO_TD,C_FH,B
GEO_TLR,C_FH,D
GEO_TLP,C_FH,C
GEO_VLAH,C_FH,A
GEO_VPLF,C_FH,A
GEO_VPF,C_FH,E
GEO_VLAVA,C_FH,E
GEO_VOG,C_FH,A
GEO_VASH,C_FH,A
TECH_CONT,C_FH,B
TECH_FLTX,C_FH,C
TECH_LFILL,C_FH,B
TECH_SUFU,C_FH,B
TECH_NGEX,C_FH,E
TECH_OIL,C_FH,C
TECH_POW,C_FH,C
TECH_RAD,C_FH,B
TECH_INF,C_FH,B
TECH_IDAM,C_FH,B
TECH_ILEV,C_FH,B
ADV_AS,C_FH,A
ADV_CRBO,C_FH,C
ADV_CDATA,C_FH,A
ADV_CPI,C_FH,B
ADV_SLE,C_FH,C
ADV_TEV,C_FH,C
OH_ILG,C_WDTE,A
OH_ILP,C_WDTE,C
OH_THAB,C_WDTE,B
OH_TMIN,C_WDTE,C
OH_TASB,C_WDTE,A
OH_TRAD,C_WDTE,A
OH_TVFF,C_WDTE,A
OH_ZANT,C_WDTE,A
OH_ZMOS,C_WDTE,E
OH_ZRAB,C_WDTE,E
OH_ZTIC,C_WDTE,E
OH_ZFLE,C_WDTE,E
OH_ZASE,C_WDTE,E
OH_ZWBD,C_WDTE,A
OH_ISAQ,C_WDTE,D
OH_ISTE,C_WDTE,D
OH_ISIN,C_WDTE,B
OH_SWP,C_WDTE,C
OH_WDAV,C_WDTE,E
OH_WDAQ,C_WDTE,E
OH_WDTE,C_WDTE,E
FIRE,C_WDTE,B
MET_COLD,C_WDTE,A
MET_DRO,C_WDTE,D
MET_HEAT,C_WDTE,C
MET_HAIL,C_WDTE,A
MET_LIGH,C_WDTE,A
MET_HSS,C_WDTE,D
MET_HWI,C_WDTE,B
MET_ICE,C_WDTE,A
MET_SNOW,C_WDTE,A
MET_TOR,C_WDTE,B
GEO_CEC,C_WDTE,A
GEO_CES,C_WDTE,A
GEO_CWL,C_WDTE,C
GEO_CWS,C_WDTE,C
GEO_FWCS,C_WDTE,C
GEO_ESZ,C_WDTE,B
GEO_EMAJ,C_WDTE,B
GEO_EMIN,C_WDTE,B
GEO_LSF,C_WDTE,B
GEO_LSS,C_WDTE,B
GEO_LSDF,C_WDTE,B
GEO_LSSU,C_WDTE,B
GEO_LSMD,C_WDTE,B
GEO_KARST,C_WDTE,A
GEO_SW,C_WDTE,A
GEO_FW,C_WDTE,D
GEO_FF,C_WDTE,B
GEO_TD,C_WDTE,B
GEO_TLR,C_WDTE,B
GEO_TLP,C_WDTE,B
GEO_VLAH,C_WDTE,B
GEO_VPLF,C_WDTE,A
GEO_VPF,C_WDTE,A
GEO_VLAVA,C_WDTE,A
GEO_VOG,C_WDTE,A
GEO_VASH,C_WDTE,A
TECH_CONT,C_WDTE,A
TECH_FLTX,C_WDTE,A
TECH_LFILL,C_WDTE,A
TECH_SUFU,C_WDTE,A
TECH_NGEX,C_WDTE,A
TECH_OIL,C_WDTE,A
TECH_POW,C_WDTE,A
TECH_RAD,C_WDTE,A
TECH_INF,C_WDTE,A
TECH_IDAM,C_WDTE,C
TECH_ILEV,C_WDTE,C
ADV_AS,C_WDTE,A
ADV_CRBO,C_WDTE,B
ADV_CDATA,C_WDTE,A
ADV_CPI,C_WDTE,B
ADV_SLE,C_WDTE,B
ADV_TEV,C_WDTE,C
OH_ILG,C_WDAV,A
OH_ILP,C_WDAV,C
OH_THAB,C_WDAV,A
OH_TMIN,C_WDAV,A
OH_TASB,C_WDAV,A
OH_TRAD,C_WDAV,A
OH_TVFF,C_WDAV,A
OH_ZANT,C_WDAV,A
OH_ZMOS,C_WDAV,E
OH_ZRAB,C_WDAV,E
OH_ZTIC,C_WDAV,E
OH_ZFLE,C_WDAV,E
OH_ZASE,C_WDAV,E
OH_ZWBD,C_WDAV,E
OH_ISAQ,C_WDAV,D
OH_ISTE,C_WDAV,D
OH_ISIN,C_WDAV,B
OH_SWP,C_WDAV,C
OH_WDAV,C_WDAV,E
OH_WDAQ,C_WDAV,E
OH_WDTE,C_WDAV,E
FIRE,C_WDAV,A
MET_COLD,C_WDAV,C
MET_DRO,C_WDAV,D
MET_HEAT,C_WDAV,B
MET_HAIL,C_WDAV,A
MET_LIGH,C_WDAV,A
MET_HSS,C_WDAV,D
MET_HWI,C_WDAV,B
MET_ICE,C_WDAV,A
MET_SNOW,C_WDAV,A
MET_TOR,C_WDAV,B
GEO_CEC,C_WDAV,B
GEO_CES,C_WDAV,B
GEO_CWL,C_WDAV,C
GEO_CWS,C_WDAV,C
GEO_FWCS,C_WDAV,C
GEO_ESZ,C_WDAV,B
GEO_EMAJ,C_WDAV,B
GEO_EMIN,C_WDAV,B
GEO_LSF,C_WDAV,B
GEO_LSS,C_WDAV,B
GEO_LSDF,C_WDAV,B
GEO_LSSU,C_WDAV,B
GEO_LSMD,C_WDAV,B
GEO_KARST,C_WDAV,A
GEO_SW,C_WDAV,A
GEO_FW,C_WDAV,D
GEO_FF,C_WDAV,B
GEO_TD,C_WDAV,B
GEO_TLR,C_WDAV,B
GEO_TLP,C_WDAV,B
GEO_VLAH,C_WDAV,B
GEO_VPLF,C_WDAV,A
GEO_VPF,C_WDAV,A
GEO_VLAVA,C_WDAV,A
GEO_VOG,C_WDAV,A
GEO_VASH,C_WDAV,A
TECH_CONT,C_WDAV,B
TECH_FLTX,C_WDAV,B
TECH_LFILL,C_WDAV,B
TECH_SUFU,C_WDAV,B
TECH_NGEX,C_WDAV,B
TECH_OIL,C_WDAV,B
TECH_POW,C_WDAV,A
TECH_RAD,C_WDAV,A
TECH_INF,C_WDAV,A
TECH_IDAM,C_WDAV,C
TECH_ILEV,C_WDAV,C
ADV_AS,C_WDAV,A
ADV_CRBO,C_WDAV,B
ADV_CDATA,C_WDAV,A
ADV_CPI,C_WDAV,B
ADV_SLE,C_WDAV,B
ADV_TEV,C_WDAV,C
OH_ILG,C_WDAQ,A
OH_ILP,C_WDAQ,C
OH_THAB,C_WDAQ,C
OH_TMIN,C_WDAQ,A
OH_TASB,C_WDAQ,A
OH_TRAD,C_WDAQ,A
OH_TVFF,C_WDAQ,A
OH_ZANT,C_WDAQ,A
OH_ZMOS,C_WDAQ,A
OH_ZRAB,C_WDAQ,A
OH_ZTIC,C_WDAQ,C
OH_ZFLE,C_WDAQ,C
OH_ZASE,C_WDAQ,E
OH_ZWBD,C_WDAQ,E
OH_ISAQ,C_WDAQ,E
OH_ISTE,C_WDAQ,B
OH_ISIN,C_WDAQ,B
OH_SWP,C_WDAQ,D
OH_WDAV,C_WDAQ,B
OH_WDAQ,C_WDAQ,E
OH_WDTE,C_WDAQ,B
FIRE,C_WDAQ,C
MET_COLD,C_WDAQ,C
MET_DRO,C_WDAQ,C
MET_HEAT,C_WDAQ,C
MET_HAIL,C_WDAQ,A
MET_LIGH,C_WDAQ,A
MET_HSS,C_WDAQ,B
MET_HWI,C_WDAQ,B
MET_ICE,C_WDAQ,A
MET_SNOW,C_WDAQ,A
MET_TOR,C_WDAQ,A
GEO_CEC,C_WDAQ,B
GEO_CES,C_WDAQ,B
GEO_CWL,C_WDAQ,C
GEO_CWS,C_WDAQ,B
GEO_FWCS,C_WDAQ,C
GEO_ESZ,C_WDAQ,B
GEO_EMAJ,C_WDAQ,B
GEO_EMIN,C_WDAQ,B
GEO_LSF,C_WDAQ,B
GEO_LSS,C_WDAQ,B
GEO_LSDF,C_WDAQ,A
GEO_LSSU,C_WDAQ,A
GEO_LSMD,C_WDAQ,A
GEO_KARST,C_WDAQ,A
GEO_SW,C_WDAQ,A
GEO_FW,C_WDAQ,D
GEO_FF,C_WDAQ,C
GEO_TD,C_WDAQ,C
GEO_TLR,C_WDAQ,B
GEO_TLP,C_WDAQ,B
GEO_VLAH,C_WDAQ,B
GEO_VPLF,C_WDAQ,B
GEO_VPF,C_WDAQ,A
GEO_VLAVA,C_WDAQ,A
GEO_VOG,C_WDAQ,A
GEO_VASH,C_WDAQ,A
TECH_CONT,C_WDAQ,B
TECH_FLTX,C_WDAQ,B
TECH_LFILL,C_WDAQ,B
TECH_SUFU,C_WDAQ,B
TECH_NGEX,C_WDAQ,A
TECH_OIL,C_WDAQ,B
TECH_POW,C_WDAQ,A
TECH_RAD,C_WDAQ,B
TECH_INF,C_WDAQ,A
TECH_IDAM,C_WDAQ,C
TECH_ILEV,C_WDAQ,C
ADV_AS,C_WDAQ,A
ADV_CRBO,C_WDAQ,A
ADV_CDATA,C_WDAQ,A
ADV_CPI,C_WDAQ,B
ADV_SLE,C_WDAQ,B
ADV_TEV,C_WDAQ,B
OH_ILG,C_IST,B
OH_ILP,C_IST,A
OH_THAB,C_IST,C
OH_TMIN,C_IST,A
OH_TASB,C_IST,A
OH_TRAD,C_IST,A
OH_TVFF,C_IST,C
OH_ZANT,C_IST,A
OH_ZMOS,C_IST,C
OH_ZRAB,C_IST,B
OH_ZTIC,C_IST,C
OH_ZFLE,C_IST,A
OH_ZASE,C_IST,A
OH_ZWBD,C_IST,B
OH_ISAQ,C_IST,E
OH_ISTE,C_IST,E
OH_ISIN,C_IST,E
OH_SWP,C_IST,C
OH_WDAV,C_IST,C
OH_WDAQ,C_IST,C
OH_WDTE,C_IST,C
FIRE,C_IST,D
MET_COLD,C_IST,A
MET_DRO,C_IST,C
MET_HEAT,C_IST,C
MET_HAIL,C_IST,A
MET_LIGH,C_IST,A
MET_HSS,C_IST,D
MET_HWI,C_IST,D
MET_ICE,C_IST,A
MET_SNOW,C_IST,A
MET_TOR,C_IST,B
GEO_CEC,C_IST,A
GEO_CES,C_IST,A
GEO_CWL,C_IST,B
GEO_CWS,C_IST,B
GEO_FWCS,C_IST,B
GEO_ESZ,C_IST,B
GEO_EMAJ,C_IST,B
GEO_EMIN,C_IST,B
GEO_LSF,C_IST,C
GEO_LSS,C_IST,A
GEO_LSDF,C_IST,A
GEO_LSSU,C_IST,A
GEO_LSMD,C_IST,A
GEO_KARST,C_IST,A
GEO_SW,C_IST,A
GEO_FW,C_IST,D
GEO_FF,C_IST,B
GEO_TD,C_IST,A
GEO_TLR,C_IST,B
GEO_TLP,C_IST,A
GEO_VLAH,C_IST,B
GEO_VPLF,C_IST,B
GEO_VPF,C_IST,B
GEO_VLAVA,C_IST,A
GEO_VOG,C_IST,A
GEO_VASH,C_IST,A
TECH_CONT,C_IST,A
TECH_FLTX,C_IST,A
TECH_LFILL,C_IST,A
TECH_SUFU,C_IST,A
TECH_NGEX,C_IST,A
TECH_OIL,C_IST,A
TECH_POW,C_IST,A
TECH_RAD,C_IST,A
TECH_INF,C_IST,A
TECH_IDAM,C_IST,D
TECH_ILEV,C_IST,D
ADV_AS,C_IST,A
ADV_CRBO,C_IST,B
ADV_CDATA,C_IST,A
ADV_CPI,C_IST,A
ADV_SLE,C_IST,B
ADV_TEV,C_IST,B
OH_ILG,C_ISA,A
OH_ILP,C_ISA,A
OH_THAB,C_ISA,A
OH_TMIN,C_ISA,A
OH_TASB,C_ISA,A
OH_TRAD,C_ISA,A
OH_TVFF,C_ISA,A
OH_ZANT,C_ISA,A
OH_ZMOS,C_ISA,C
OH_ZRAB,C_ISA,B
OH_ZTIC,C_ISA,B
OH_ZFLE,C_ISA,A
OH_ZASE,C_ISA,A
OH_ZWBD,C_ISA,B
OH_ISAQ,C_ISA,E
OH_ISTE,C_ISA,C
OH_ISIN,C_ISA,B
OH_SWP,C_ISA,C
OH_WDAV,C_ISA,C
OH_WDAQ,C_ISA,C
OH_WDTE,C_ISA,C
FIRE,C_ISA,D
MET_COLD,C_ISA,A
MET_DRO,C_ISA,B
MET_HEAT,C_ISA,C
MET_HAIL,C_ISA,A
MET_LIGH,C_ISA,A
MET_HSS,C_ISA,D
MET_HWI,C_ISA,B
MET_ICE,C_ISA,A
MET_SNOW,C_ISA,A
MET_TOR,C_ISA,B
GEO_CEC,C_ISA,A
GEO_CES,C_ISA,A
GEO_CWL,C_ISA,B
GEO_CWS,C_ISA,B
GEO_FWCS,C_ISA,C
GEO_ESZ,C_ISA,B
GEO_EMAJ,C_ISA,B
GEO_EMIN,C_ISA,B
GEO_LSF,C_ISA,A
GEO_LSS,C_ISA,A
GEO_LSDF,C_ISA,A
GEO_LSSU,C_ISA,A
GEO_LSMD,C_ISA,A
GEO_KARST,C_ISA,A
GEO_SW,C_ISA,A
GEO_FW,C_ISA,D
GEO_FF,C_ISA,B
GEO_TD,C_ISA,C
GEO_TLR,C_ISA,E
GEO_TLP,C_ISA,B
GEO_VLAH,C_ISA,B
GEO_VPLF,C_ISA,B
GEO_VPF,C_ISA,A
GEO_VLAVA,C_ISA,A
GEO_VOG,C_ISA,A
GEO_VASH,C_ISA,A
TECH_CONT,C_ISA,A
TECH_FLTX,C_ISA,A
TECH_LFILL,C_ISA,A
TECH_SUFU,C_ISA,A
TECH_NGEX,C_ISA,A
TECH_OIL,C_ISA,A
TECH_POW,C_ISA,A
TECH_RAD,C_ISA,A
TECH_INF,C_ISA,A
TECH_IDAM,C_ISA,E
TECH_ILEV,C_ISA,E
ADV_AS,C_ISA,A
ADV_CRBO,C_ISA,B
ADV_CDATA,C_ISA,A
ADV_CPI,C_ISA,B
ADV_SLE,C_ISA,B
ADV_TEV,C_ISA,B
OH_ILG,C_ISIN,A
OH_ILP,C_ISIN,A
OH_THAB,C_ISIN,A
OH_TMIN,C_ISIN,A
OH_TASB,C_ISIN,A
OH_TRAD,C_ISIN,A
OH_TVFF,C_ISIN,A
OH_ZANT,C_ISIN,A
OH_ZMOS,C_ISIN,A
OH_ZRAB,C_ISIN,A
OH_ZTIC,C_ISIN,A
OH_ZFLE,C_ISIN,A
OH_ZASE,C_ISIN,A
OH_ZWBD,C_ISIN,A
OH_ISAQ,C_ISIN,B
OH_ISTE,C_ISIN,D
OH_ISIN,C_ISIN,E
OH_SWP,C_ISIN,C
OH_WDAV,C_ISIN,B
OH_WDAQ,C_ISIN,B
OH_WDTE,C_ISIN,B
FIRE,C_ISIN,D
MET_COLD,C_ISIN,A
MET_DRO,C_ISIN,D
MET_HEAT,C_ISIN,C
MET_HAIL,C_ISIN,A
MET_LIGH,C_ISIN,A
MET_HSS,C_ISIN,C
MET_HWI,C_ISIN,B
MET_ICE,C_ISIN,A
MET_SNOW,C_ISIN,A
MET_TOR,C_ISIN,B
GEO_CEC,C_ISIN,A
GEO_CES,C_ISIN,A
GEO_CWL,C_ISIN,C
GEO_CWS,C_ISIN,C
GEO_FWCS,C_ISIN,C
GEO_ESZ,C_ISIN,B
GEO_EMAJ,C_ISIN,B
GEO_EMIN,C_ISIN,B
GEO_LSF,C_ISIN,A
GEO_LSS,C_ISIN,A
GEO_LSDF,C_ISIN,A
GEO_LSSU,C_ISIN,A
GEO_LSMD,C_ISIN,A
GEO_KARST,C_ISIN,A
GEO_SW,C_ISIN,A
GEO_FW,C_ISIN,B
GEO_FF,C_ISIN,B
GEO_TD,C_ISIN,B
GEO_TLR,C_ISIN,B
GEO_TLP,C_ISIN,B
GEO_VLAH,C_ISIN,C
GEO_VPLF,C_ISIN,C
GEO_VPF,C_ISIN,C
GEO_VLAVA,C_ISIN,A
GEO_VOG,C_ISIN,A
GEO_VASH,C_ISIN,A
TECH_CONT,C_ISIN,A
TECH_FLTX,C_ISIN,A
TECH_LFILL,C_ISIN,A
TECH_SUFU,C_ISIN,A
TECH_NGEX,C_ISIN,A
TECH_OIL,C_ISIN,A
TECH_POW,C_ISIN,A
TECH_RAD,C_ISIN,A
TECH_INF,C_ISIN,A
TECH_IDAM,C_ISIN,B
TECH_ILEV,C_ISIN,B
ADV_AS,C_ISIN,A
ADV_CRBO,C_ISIN,B
ADV_CDATA,C_ISIN,A
ADV_CPI,C_ISIN,B
ADV_SLE,C_ISIN,B
ADV_TEV,C_ISIN,B
OH_ILG,M_HAZ,E
OH_ILP,M_HAZ,C
OH_THAB,M_HAZ,D
OH_TMIN,M_HAZ,E
OH_TASB,M_HAZ,E
OH_TRAD,M_HAZ,B
OH_TVFF,M_HAZ,C
OH_ZANT,M_HAZ,C
OH_ZMOS,M_HAZ,C
OH_ZRAB,M_HAZ,C
OH_ZTIC,M_HAZ,C
OH_ZFLE,M_HAZ,C
OH_ZASE,M_HAZ,C
OH_ZWBD,M_HAZ,B
OH_ISAQ,M_HAZ,C
OH_ISTE,M_HAZ,C
OH_ISIN,M_HAZ,C
OH_SWP,M_HAZ,C
OH_WDAV,M_HAZ,D
OH_WDAQ,M_HAZ,C
OH_WDTE,M_HAZ,C
FIRE,M_HAZ,C
MET_COLD,M_HAZ,E
MET_DRO,M_HAZ,E
MET_HEAT,M_HAZ,E
MET_HAIL,M_HAZ,E
MET_LIGH,M_HAZ,E
MET_HSS,M_HAZ,E
MET_HWI,M_HAZ,E
MET_ICE,M_HAZ,E
MET_SNOW,M_HAZ,E
MET_TOR,M_HAZ,E
GEO_CEC,M_HAZ,E
GEO_CES,M_HAZ,E
GEO_CWL,M_HAZ,C
GEO_CWS,M_HAZ,D
GEO_FWCS,M_HAZ,D
GEO_ESZ,M_HAZ,E
GEO_EMAJ,M_HAZ,E
GEO_EMIN,M_HAZ,C
GEO_LSF,M_HAZ,C
GEO_LSS,M_HAZ,C
GEO_LSDF,M_HAZ,C
GEO_LSSU,M_HAZ,E
GEO_LSMD,M_HAZ,D
GEO_KARST,M_HAZ,E
GEO_SW,M_HAZ,E
GEO_FW,M_HAZ,E
GEO_FF,M_HAZ,E
GEO_TD,M_HAZ,E
GEO_TLR,M_HAZ,E
GEO_TLP,M_HAZ,E
GEO_VLAH,M_HAZ,D
GEO_VPLF,M_HAZ,C
GEO_VPF,M_HAZ,E
GEO_VLAVA,M_HAZ,E
GEO_VOG,M_HAZ,E
GEO_VASH,M_HAZ,E
TECH_CONT,M_HAZ,C
TECH_FLTX,M_HAZ,C
TECH_LFILL,M_HAZ,C
TECH_SUFU,M_HAZ,C
TECH_NGEX,M_HAZ,C
TECH_OIL,M_HAZ,C
TECH_POW,M_HAZ,C
TECH_RAD,M_HAZ,C
TECH_INF,M_HAZ,C
TECH_IDAM,M_HAZ,C
TECH_ILEV,M_HAZ,C
ADV_AS,M_HAZ,E
ADV_CRBO,M_HAZ,C
ADV_CDATA,M_HAZ,E
ADV_CPI,M_HAZ,E
ADV_SLE,M_HAZ,E
ADV_TEV,M_HAZ,E
OH_ILG,M_MIT,C
OH_ILP,M_MIT,C
OH_THAB,M_MIT,C
OH_TMIN,M_MIT,C
OH_TASB,M_MIT,C
OH_TRAD,M_MIT,B
OH_TVFF,M_MIT,B
OH_ZANT,M_MIT,B
OH_ZMOS,M_MIT,B
OH_ZRAB,M_MIT,B
OH_ZTIC,M_MIT,B
OH_ZFLE,M_MIT,B
OH_ZASE,M_MIT,B
OH_ZWBD,M_MIT,B
OH_ISAQ,M_MIT,C
OH_ISTE,M_MIT,C
OH_ISIN,M_MIT,C
OH_SWP,M_MIT,C
OH_WDAV,M_MIT,C
OH_WDAQ,M_MIT,C
OH_WDTE,M_MIT,C
FIRE,M_MIT,B
MET_COLD,M_MIT,B
MET_DRO,M_MIT,C
MET_HEAT,M_MIT,B
MET_HAIL,M_MIT,B
MET_LIGH,M_MIT,B
MET_HSS,M_MIT,C
MET_HWI,M_MIT,C
MET_ICE,M_MIT,B
MET_SNOW,M_MIT,B
MET_TOR,M_MIT,C
GEO_CEC,M_MIT,C
GEO_CES,M_MIT,C
GEO_CWL,M_MIT,C
GEO_CWS,M_MIT,C
GEO_FWCS,M_MIT,C
GEO_ESZ,M_MIT,D
GEO_EMAJ,M_MIT,C
GEO_EMIN,M_MIT,C
GEO_LSF,M_MIT,C
GEO_LSS,M_MIT,B
GEO_LSDF,M_MIT,B
GEO_LSSU,M_MIT,D
GEO_LSMD,M_MIT,C
GEO_KARST,M_MIT,D
GEO_SW,M_MIT,B
GEO_FW,M_MIT,D
GEO_FF,M_MIT,D
GEO_TD,M_MIT,C
GEO_TLR,M_MIT,C
GEO_TLP,M_MIT,C
GEO_VLAH,M_MIT,C
GEO_VPLF,M_MIT,C
GEO_VPF,M_MIT,E
GEO_VLAVA,M_MIT,E
GEO_VOG,M_MIT,D
GEO_VASH,M_MIT,C
TECH_CONT,M_MIT,C
TECH_FLTX,M_MIT,C
TECH_LFILL,M_MIT,C
TECH_SUFU,M_MIT,C
TECH_NGEX,M_MIT,C
TECH_OIL,M_MIT,C
TECH_POW,M_MIT,C
TECH_RAD,M_MIT,C
TECH_INF,M_MIT,C
TECH_IDAM,M_MIT,C
TECH_ILEV,M_MIT,C
ADV_AS,M_MIT,E
ADV_CRBO,M_MIT,C
ADV_CDATA,M_MIT,C
ADV_CPI,M_MIT,C
ADV_SLE,M_MIT,C
ADV_TEV,M_MIT,D
OH_ILG,M_WARN,E
OH_ILP,M_WARN,C
OH_THAB,M_WARN,C
OH_TMIN,M_WARN,A
OH_TASB,M_WARN,A
OH_TRAD,M_WARN,A
OH_TVFF,M_WARN,A
OH_ZANT,M_WARN,D
OH_ZMOS,M_WARN,A
OH_ZRAB,M_WARN,A
OH_ZTIC,M_WARN,A
OH_ZFLE,M_WARN,A
OH_ZASE,M_WARN,A
OH_ZWBD,M_WARN,A
OH_ISAQ,M_WARN,B
OH_ISTE,M_WARN,B
OH_ISIN,M_WARN,B
OH_SWP,M_WARN,C
OH_WDAV,M_WARN,C
OH_WDAQ,M_WARN,C
OH_WDTE,M_WARN,C
FIRE,M_WARN,C
MET_COLD,M_WARN,C
MET_DRO,M_WARN,B
MET_HEAT,M_WARN,C
MET_HAIL,M_WARN,E
MET_LIGH,M_WARN,E
MET_HSS,M_WARN,C
MET_HWI,M_WARN,C
MET_ICE,M_WARN,C
MET_SNOW,M_WARN,C
MET_TOR,M_WARN,E
GEO_CEC,M_WARN,A
GEO_CES,M_WARN,C
GEO_CWL,M_WARN,A
GEO_CWS,M_WARN,A
GEO_FWCS,M_WARN,C
GEO_ESZ,M_WARN,E
GEO_EMAJ,M_WARN,E
GEO_EMIN,M_WARN,E
GEO_LSF,M_WARN,E
GEO_LSS,M_WARN,C
GEO_LSDF,M_WARN,E
GEO_LSSU,M_WARN,E
GEO_LSMD,M_WARN,D
GEO_KARST,M_WARN,E
GEO_SW,M_WARN,C
GEO_FW,M_WARN,C
GEO_FF,M_WARN,E
GEO_TD,M_WARN,D
GEO_TLR,M_WARN,E
GEO_TLP,M_WARN,E
GEO_VLAH,M_WARN,D
GEO_VPLF,M_WARN,B
GEO_VPF,M_WARN,B
GEO_VLAVA,M_WARN,C
GEO_VOG,M_WARN,D
GEO_VASH,M_WARN,D
TECH_CONT,M_WARN,B
TECH_FLTX,M_WARN,E
TECH_LFILL,M_WARN,B
TECH_SUFU,M_WARN,B
TECH_NGEX,M_WARN,E
TECH_OIL,M_WARN,E
TECH_POW,M_WARN,E
TECH_RAD,M_WARN,E
TECH_INF,M_WARN,E
TECH_IDAM,M_WARN,C
TECH_ILEV,M_WARN,C
ADV_AS,M_WARN,E
ADV_CRBO,M_WARN,C
ADV_CDATA,M_WARN,E
ADV_CPI,M_WARN,E
ADV_SLE,M_WARN,E
ADV_TEV,M_WARN,E
OH_ILG,M_CONT,C
OH_ILP,M_CONT,D
OH_THAB,M_CONT,E
OH_TMIN,M_CONT,A
OH_TASB,M_CONT,A
OH_TRAD,M_CONT,A
OH_TVFF,M_CONT,E
OH_ZANT,M_CONT,C
OH_ZMOS,M_CONT,E
OH_ZRAB,M_CONT,C
OH_ZTIC,M_CONT,A
OH_ZFLE,M_CONT,E
OH_ZASE,M_CONT,E
OH_ZWBD,M_CONT,E
OH_ISAQ,M_CONT,D
OH_ISTE,M_CONT,D
OH_ISIN,M_CONT,D
OH_SWP,M_CONT,B
OH_WDAV,M_CONT,D
OH_WDAQ,M_CONT,D
OH_WDTE,M_CONT,D
FIRE,M_CONT,D
MET_COLD,M_CONT,E
MET_DRO,M_CONT,E
MET_HEAT,M_CONT,E
MET_HAIL,M_CONT,E
MET_LIGH,M_CONT,E
MET_HSS,M_CONT,E
MET_HWI,M_CONT,E
MET_ICE,M_CONT,E
MET_SNOW,M_CONT,E
MET_TOR,M_CONT,E
GEO_CEC,M_CONT,D
GEO_CES,M_CONT,E
GEO_CWL,M_CONT,E
GEO_CWS,M_CONT,D
GEO_FWCS,M_CONT,E
GEO_ESZ,M_CONT,E
GEO_EMAJ,M_CONT,E
GEO_EMIN,M_CONT,E
GEO_LSF,M_CONT,E
GEO_LSS,M_CONT,D
GEO_LSDF,M_CONT,E
GEO_LSSU,M_CONT,E
GEO_LSMD,M_CONT,E
GEO_KARST,M_CONT,E
GEO_SW,M_CONT,E
GEO_FW,M_CONT,E
GEO_FF,M_CONT,E
GEO_TD,M_CONT,E
GEO_TLR,M_CONT,E
GEO_TLP,M_CONT,E
GEO_VLAH,M_CONT,E
GEO_VPLF,M_CONT,E
GEO_VPF,M_CONT,E
GEO_VLAVA,M_CONT,E
GEO_VOG,M_CONT,E
GEO_VASH,M_CONT,E
TECH_CONT,M_CONT,D
TECH_FLTX,M_CONT,C
TECH_LFILL,M_CONT,D
TECH_SUFU,M_CONT,D
TECH_NGEX,M_CONT,B
TECH_OIL,M_CONT,D
TECH_POW,M_CONT,B
TECH_RAD,M_CONT,B
TECH_INF,M_CONT,E
TECH_IDAM,M_CONT,E
TECH_ILEV,M_CONT,E
ADV_AS,M_CONT,A
ADV_CRBO,M_CONT,D
ADV_CDATA,M_CONT,B
ADV_CPI,M_CONT,B
ADV_SLE,M_CONT,D
ADV_TEV,M_CONT,B
OH_ILG,M_EVAC,E
OH_ILP,M_EVAC,B
OH_THAB,M_EVAC,B
OH_TMIN,M_EVAC,B
OH_TASB,M_EVAC,B
OH_TRAD,M_EVAC,B
OH_TVFF,M_EVAC,B
OH_ZANT,M_EVAC,B
OH_ZMOS,M_EVAC,B
OH_ZRAB,M_EVAC,B
OH_ZTIC,M_EVAC,B
OH_ZFLE,M_EVAC,B
OH_ZASE,M_EVAC,B
OH_ZWBD,M_EVAC,B
OH_ISAQ,M_EVAC,A
OH_ISTE,M_EVAC,A
OH_ISIN,M_EVAC,A
OH_SWP,M_EVAC,B
OH_WDAV,M_EVAC,A
OH_WDAQ,M_EVAC,A
OH_WDTE,M_EVAC,A
FIRE,M_EVAC,D
MET_COLD,M_EVAC,B
MET_DRO,M_EVAC,B
MET_HEAT,M_EVAC,B
MET_HAIL,M_EVAC,D
MET_LIGH,M_EVAC,D
MET_HSS,M_EVAC,C
MET_HWI,M_EVAC,C
MET_ICE,M_EVAC,B
MET_SNOW,M_EVAC,B
MET_TOR,M_EVAC,D
GEO_CEC,M_EVAC,B
GEO_CES,M_EVAC,B
GEO_CWL,M_EVAC,B
GEO_CWS,M_EVAC,B
GEO_FWCS,M_EVAC,C
GEO_ESZ,M_EVAC,E
GEO_EMAJ,M_EVAC,E
GEO_EMIN,M_EVAC,E
GEO_LSF,M_EVAC,D
GEO_LSS,M_EVAC,A
GEO_LSDF,M_EVAC,D
GEO_LSSU,M_EVAC,D
GEO_LSMD,M_EVAC,C
GEO_KARST,M_EVAC,D
GEO_SW,M_EVAC,A
GEO_FW,M_EVAC,C
GEO_FF,M_EVAC,D
GEO_TD,M_EVAC,C
GEO_TLR,M_EVAC,D
GEO_TLP,M_EVAC,D
GEO_VLAH,M_EVAC,D
GEO_VPLF,M_EVAC,C
GEO_VPF,M_EVAC,C
GEO_VLAVA,M_EVAC,C
GEO_VOG,M_EVAC,B
GEO_VASH,M_EVAC,B
TECH_CONT,M_EVAC,B
TECH_FLTX,M_EVAC,C
TECH_LFILL,M_EVAC,B
TECH_SUFU,M_EVAC,B
TECH_NGEX,M_EVAC,E
TECH_OIL,M_EVAC,B
TECH_POW,M_EVAC,A
TECH_RAD,M_EVAC,E
TECH_INF,M_EVAC,E
TECH_IDAM,M_EVAC,D
TECH_ILEV,M_EVAC,D
ADV_AS,M_EVAC,D
ADV_CRBO,M_EVAC,A
ADV_CDATA,M_EVAC,A
ADV_CPI,M_EVAC,A
ADV_SLE,M_EVAC,C
ADV_TEV,M_EVAC,D
OH_ILG,I_HUM,E
OH_ILP,I_HUM,E
OH_THAB,I_HUM,D
OH_TMIN,I_HUM,D
OH_TASB,I_HUM,E
OH_TRAD,I_HUM,E
OH_TVFF,I_HUM,E
OH_ZANT,I_HUM,E
OH_ZMOS,I_HUM,E
OH_ZRAB,I_HUM,E
OH_ZTIC,I_HUM,D
OH_ZFLE,I_HUM,E
OH_ZASE,I_HUM,E
OH_ZWBD,I_HUM,E
OH_ISAQ,I_HUM,B
OH_ISTE,I_HUM,E
OH_ISIN,I_HUM,B
OH_SWP,I_HUM,C
OH_WDAV,I_HUM,B
OH_WDAQ,I_HUM,A
OH_WDTE,I_HUM,A
FIRE,I_HUM,E
MET_COLD,I_HUM,E
MET_DRO,I_HUM,B
MET_HEAT,I_HUM,E
MET_HAIL,I_HUM,E
MET_LIGH,I_HUM,E
MET_HSS,I_HUM,E
MET_HWI,I_HUM,E
MET_ICE,I_HUM,E
MET_SNOW,I_HUM,E
MET_TOR,I_HUM,E
GEO_CEC,I_HUM,A
GEO_CES,I_HUM,A
GEO_CWL,I_HUM,C
GEO_CWS,I_HUM,C
GEO_FWCS,I_HUM,E
GEO_ESZ,I_HUM,E
GEO_EMAJ,I_HUM,E
GEO_EMIN,I_HUM,D
GEO_LSF,I_HUM,E
GEO_LSS,I_HUM,C
GEO_LSDF,I_HUM,E
GEO_LSSU,I_HUM,A
GEO_LSMD,I_HUM,C
GEO_KARST,I_HUM,E
GEO_SW,I_HUM,B
GEO_FW,I_HUM,E
GEO_FF,I_HUM,E
GEO_TD,I_HUM,E
GEO_TLR,I_HUM,E
GEO_TLP,I_HUM,E
GEO_VLAH,I_HUM,E
GEO_VPLF,I_HUM,C
GEO_VPF,I_HUM,E
GEO_VLAVA,I_HUM,D
GEO_VOG,I_HUM,D
GEO_VASH,I_HUM,D
TECH_CONT,I_HUM,D
TECH_FLTX,I_HUM,E
TECH_LFILL,I_HUM,B
TECH_SUFU,I_HUM,C
TECH_NGEX,I_HUM,E
TECH_OIL,I_HUM,C
TECH_POW,I_HUM,B
TECH_RAD,I_HUM,E
TECH_INF,I_HUM,E
TECH_IDAM,I_HUM,E
TECH_ILEV,I_HUM,E
ADV_AS,I_HUM,E
ADV_CRBO,I_HUM,B
ADV_CDATA,I_HUM,B
ADV_CPI,I_HUM,E
ADV_SLE,I_HUM,E
ADV_TEV,I_HUM,E
OH_ILG,I_WILD,A
OH_ILP,I_WILD,B
OH_THAB,I_WILD,E
OH_TMIN,I_WILD,A
OH_TASB,I_WILD,A
OH_TRAD,I_WILD,A
OH_TVFF,I_WILD,E
OH_ZANT,I_WILD,E
OH_ZMOS,I_WILD,E
OH_ZRAB,I_WILD,E
OH_ZTIC,I_WILD,A
OH_ZFLE,I_WILD,E
OH_ZASE,I_WILD,A
OH_ZWBD,I_WILD,E
OH_ISAQ,I_WILD,D
OH_ISTE,I_WILD,E
OH_ISIN,I_WILD,D
OH_SWP,I_WILD,E
OH_WDAV,I_WILD,E
OH_WDAQ,I_WILD,E
OH_WDTE,I_WILD,E
FIRE,I_WILD,E
MET_COLD,I_WILD,E
MET_DRO,I_WILD,E
MET_HEAT,I_WILD,E
MET_HAIL,I_WILD,E
MET_LIGH,I_WILD,E
MET_HSS,I_WILD,E
MET_HWI,I_WILD,E
MET_ICE,I_WILD,E
MET_SNOW,I_WILD,E
MET_TOR,I_WILD,E
GEO_CEC,I_WILD,A
GEO_CES,I_WILD,C
GEO_CWL,I_WILD,D
GEO_CWS,I_WILD,B
GEO_FWCS,I_WILD,E
GEO_ESZ,I_WILD,C
GEO_EMAJ,I_WILD,C
GEO_EMIN,I_WILD,A
GEO_LSF,I_WILD,E
GEO_LSS,I_WILD,A
GEO_LSDF,I_WILD,E
GEO_LSSU,I_WILD,C
GEO_LSMD,I_WILD,D
GEO_KARST,I_WILD,A
GEO_SW,I_WILD,A
GEO_FW,I_WILD,E
GEO_FF,I_WILD,E
GEO_TD,I_WILD,C
GEO_TLR,I_WILD,E
GEO_TLP,I_WILD,E
GEO_VLAH,I_WILD,E
GEO_VPLF,I_WILD,C
GEO_VPF,I_WILD,E
GEO_VLAVA,I_WILD,E
GEO_VOG,I_WILD,D
GEO_VASH,I_WILD,E
TECH_CONT,I_WILD,E
TECH_FLTX,I_WILD,E
TECH_LFILL,I_WILD,D
TECH_SUFU,I_WILD,E
TECH_NGEX,I_WILD,E
TECH_OIL,I_WILD,E
TECH_POW,I_WILD,A
TECH_RAD,I_WILD,E
TECH_INF,I_WILD,A
TECH_IDAM,I_WILD,E
TECH_ILEV,I_WILD,E
ADV_AS,I_WILD,A
ADV_CRBO,I_WILD,C
ADV_CDATA,I_WILD,A
ADV_CPI,I_WILD,A
ADV_SLE,I_WILD,A
ADV_TEV,I_WILD,A
OH_ILG,I_DEB,A
OH_ILP,I_DEB,A
OH_THAB,I_DEB,D
OH_TMIN,I_DEB,A
OH_TASB,I_DEB,A
OH_TRAD,I_DEB,A
OH_TVFF,I_DEB,A
OH_ZANT,I_DEB,A
OH_ZMOS,I_DEB,A
OH_ZRAB,I_DEB,A
OH_ZTIC,I_DEB,A
OH_ZFLE,I_DEB,A
OH_ZASE,I_DEB,A
OH_ZWBD,I_DEB,A
OH_ISAQ,I_DEB,A
OH_ISTE,I_DEB,A
OH_ISIN,I_DEB,D
OH_SWP,I_DEB,A
OH_WDAV,I_DEB,B
OH_WDAQ,I_DEB,C
OH_WDTE,I_DEB,A
FIRE,I_DEB,D
MET_COLD,I_DEB,A
MET_DRO,I_DEB,A
MET_HEAT,I_DEB,A
MET_HAIL,I_DEB,C
MET_LIGH,I_DEB,B
MET_HSS,I_DEB,E
MET_HWI,I_DEB,E
MET_ICE,I_DEB,C
MET_SNOW,I_DEB,C
MET_TOR,I_DEB,D
GEO_CEC,I_DEB,B
GEO_CES,I_DEB,B
GEO_CWL,I_DEB,B
GEO_CWS,I_DEB,B
GEO_FWCS,I_DEB,D
GEO_ESZ,I_DEB,E
GEO_EMAJ,I_DEB,E
GEO_EMIN,I_DEB,C
GEO_LSF,I_DEB,E
GEO_LSS,I_DEB,E
GEO_LSDF,I_DEB,E
GEO_LSSU,I_DEB,E
GEO_LSMD,I_DEB,E
GEO_KARST,I_DEB,C
GEO_SW,I_DEB,A
GEO_FW,I_DEB,D
GEO_FF,I_DEB,D
GEO_TD,I_DEB,D
GEO_TLR,I_DEB,E
GEO_TLP,I_DEB,E
GEO_VLAH,I_DEB,D
GEO_VPLF,I_DEB,D
GEO_VPF,I_DEB,D
GEO_VLAVA,I_DEB,A
GEO_VOG,I_DEB,A
GEO_VASH,I_DEB,E
TECH_CONT,I_DEB,A
TECH_FLTX,I_DEB,A
TECH_LFILL,I_DEB,C
TECH_SUFU,I_DEB,A
TECH_NGEX,I_DEB,E
TECH_OIL,I_DEB,E
TECH_POW,I_DEB,A
TECH_RAD,I_DEB,A
TECH_INF,I_DEB,E
TECH_IDAM,I_DEB,E
TECH_ILEV,I_DEB,E
ADV_AS,I_DEB,A
ADV_CRBO,I_DEB,C
ADV_CDATA,I_DEB,A
ADV_CPI,I_DEB,A
ADV_SLE,I_DEB,B
ADV_TEV,I_DEB,E
OH_ILG,I_TRL,A
OH_ILP,I_TRL,D
OH_THAB,I_TRL,A
OH_TMIN,I_TRL,A
OH_TASB,I_TRL,A
OH_TRAD,I_TRL,A
OH_TVFF,I_TRL,A
OH_ZANT,I_TRL,A
OH_ZMOS,I_TRL,A
OH_ZRAB,I_TRL,A
OH_ZTIC,I_TRL,A
OH_ZFLE,I_TRL,A
OH_ZASE,I_TRL,A
OH_ZWBD,I_TRL,A
OH_ISAQ,I_TRL,A
OH_ISTE,I_TRL,B
OH_ISIN,I_TRL,A
OH_SWP,I_TRL,A
OH_WDAV,I_TRL,A
OH_WDAQ,I_TRL,A
OH_WDTE,I_TRL,A
FIRE,I_TRL,D
MET_COLD,I_TRL,A
MET_DRO,I_TRL,A
MET_HEAT,I_TRL,C
MET_HAIL,I_TRL,D
MET_LIGH,I_TRL,B
MET_HSS,I_TRL,E
MET_HWI,I_TRL,E
MET_ICE,I_TRL,D
MET_SNOW,I_TRL,D
MET_TOR,I_TRL,E
GEO_CEC,I_TRL,C
GEO_CES,I_TRL,D
GEO_CWL,I_TRL,D
GEO_CWS,I_TRL,D
GEO_FWCS,I_TRL,D
GEO_ESZ,I_TRL,E
GEO_EMAJ,I_TRL,E
GEO_EMIN,I_TRL,C
GEO_LSF,I_TRL,E
GEO_LSS,I_TRL,E
GEO_LSDF,I_TRL,E
GEO_LSSU,I_TRL,A
GEO_LSMD,I_TRL,A
GEO_KARST,I_TRL,C
GEO_SW,I_TRL,D
GEO_FW,I_TRL,D
GEO_FF,I_TRL,D
GEO_TD,I_TRL,B
GEO_TLR,I_TRL,E
GEO_TLP,I_TRL,E
GEO_VLAH,I_TRL,D
GEO_VPLF,I_TRL,C
GEO_VPF,I_TRL,E
GEO_VLAVA,I_TRL,D
GEO_VOG,I_TRL,A
GEO_VASH,I_TRL,D
TECH_CONT,I_TRL,B
TECH_FLTX,I_TRL,B
TECH_LFILL,I_TRL,A
TECH_SUFU,I_TRL,A
TECH_NGEX,I_TRL,E
TECH_OIL,I_TRL,D
TECH_POW,I_TRL,D
TECH_RAD,I_TRL,B
TECH_INF,I_TRL,E
TECH_IDAM,I_TRL,E
TECH_ILEV,I_TRL,E
ADV_AS,I_TRL,A
ADV_CRBO,I_TRL,A
ADV_CDATA,I_TRL,A
ADV_CPI,I_TRL,C
ADV_SLE,I_TRL,B
ADV_TEV,I_TRL,E
OH_ILG,I_TRW,A
OH_ILP,I_TRW,D
OH_THAB,I_TRW,A
OH_TMIN,I_TRW,A
OH_TASB,I_TRW,A
OH_TRAD,I_TRW,A
OH_TVFF,I_TRW,A
OH_ZANT,I_TRW,A
OH_ZMOS,I_TRW,A
OH_ZRAB,I_TRW,A
OH_ZTIC,I_TRW,A
OH_ZFLE,I_TRW,A
OH_ZASE,I_TRW,A
OH_ZWBD,I_TRW,A
OH_ISAQ,I_TRW,D
OH_ISTE,I_TRW,A
OH_ISIN,I_TRW,A
OH_SWP,I_TRW,A
OH_WDAV,I_TRW,A
OH_WDAQ,I_TRW,C
OH_WDTE,I_TRW,A
FIRE,I_TRW,A
MET_COLD,I_TRW,B
MET_DRO,I_TRW,D
MET_HEAT,I_TRW,B
MET_HAIL,I_TRW,D
MET_LIGH,I_TRW,D
MET_HSS,I_TRW,E
MET_HWI,I_TRW,E
MET_ICE,I_TRW,D
MET_SNOW,I_TRW,D
MET_TOR,I_TRW,E
GEO_CEC,I_TRW,A
GEO_CES,I_TRW,A
GEO_CWL,I_TRW,A
GEO_CWS,I_TRW,A
GEO_FWCS,I_TRW,A
GEO_ESZ,I_TRW,E
GEO_EMAJ,I_TRW,E
GEO_EMIN,I_TRW,B
GEO_LSF,I_TRW,D
GEO_LSS,I_TRW,D
GEO_LSDF,I_TRW,D
GEO_LSSU,I_TRW,B
GEO_LSMD,I_TRW,C
GEO_KARST,I_TRW,A
GEO_SW,I_TRW,D
GEO_FW,I_TRW,D
GEO_FF,I_TRW,B
GEO_TD,I_TRW,D
GEO_TLR,I_TRW,E
GEO_TLP,I_TRW,E
GEO_VLAH,I_TRW,D
GEO_VPLF,I_TRW,B
GEO_VPF,I_TRW,E
GEO_VLAVA,I_TRW,C
GEO_VOG,I_TRW,A
GEO_VASH,I_TRW,C
TECH_CONT,I_TRW,A
TECH_FLTX,I_TRW,C
TECH_LFILL,I_TRW,A
TECH_SUFU,I_TRW,A
TECH_NGEX,I_TRW,B
TECH_OIL,I_TRW,E
TECH_POW,I_TRW,A
TECH_RAD,I_TRW,B
TECH_INF,I_TRW,D
TECH_IDAM,I_TRW,E
TECH_ILEV,I_TRW,E
ADV_AS,I_TRW,A
ADV_CRBO,I_TRW,A
ADV_CDATA,I_TRW,A
ADV_CPI,I_TRW,B
ADV_SLE,I_TRW,B
ADV_TEV,I_TRW,E
OH_ILG,I_TRA,A
OH_ILP,I_TRA,D
OH_THAB,I_TRA,A
OH_TMIN,I_TRA,A
OH_TASB,I_TRA,A
OH_TRAD,I_TRA,A
OH_TVFF,I_TRA,A
OH_ZANT,I_TRA,A
OH_ZMOS,I_TRA,A
OH_ZRAB,I_TRA,A
OH_ZTIC,I_TRA,A
OH_ZFLE,I_TRA,A
OH_ZASE,I_TRA,A
OH_ZWBD,I_TRA,A
OH_ISAQ,I_TRA,A
OH_ISTE,I_TRA,A
OH_ISIN,I_TRA,A
OH_SWP,I_TRA,A
OH_WDAV,I_TRA,A
OH_WDAQ,I_TRA,A
OH_WDTE,I_TRA,A
FIRE,I_TRA,D
MET_COLD,I_TRA,A
MET_DRO,I_TRA,A
MET_HEAT,I_TRA,C
MET_HAIL,I_TRA,D
MET_LIGH,I_TRA,B
MET_HSS,I_TRA,E
MET_HWI,I_TRA,E
MET_ICE,I_TRA,E
MET_SNOW,I_TRA,D
MET_TOR,I_TRA,E
GEO_CEC,I_TRA,A
GEO_CES,I_TRA,A
GEO_CWL,I_TRA,A
GEO_CWS,I_TRA,A
GEO_FWCS,I_TRA,A
GEO_ESZ,I_TRA,E
GEO_EMAJ,I_TRA,E
GEO_EMIN,I_TRA,C
GEO_LSF,I_TRA,A
GEO_LSS,I_TRA,A
GEO_LSDF,I_TRA,A
GEO_LSSU,I_TRA,A
GEO_LSMD,I_TRA,A
GEO_KARST,I_TRA,A
GEO_SW,I_TRA,D
GEO_FW,I_TRA,B
GEO_FF,I_TRA,A
GEO_TD,I_TRA,A
GEO_TLR,I_TRA,E
GEO_TLP,I_TRA,E
GEO_VLAH,I_TRA,A
GEO_VPLF,I_TRA,A
GEO_VPF,I_TRA,D
GEO_VLAVA,I_TRA,C
GEO_VOG,I_TRA,A
GEO_VASH,I_TRA,E
TECH_CONT,I_TRA,A
TECH_FLTX,I_TRA,A
TECH_LFILL,I_TRA,A
TECH_SUFU,I_TRA,A
TECH_NGEX,I_TRA,D
TECH_OIL,I_TRA,A
TECH_POW,I_TRA,C
TECH_RAD,I_TRA,A
TECH_INF,I_TRA,C
TECH_IDAM,I_TRA,C
TECH_ILEV,I_TRA,C
ADV_AS,I_TRA,A
ADV_CRBO,I_TRA,A
ADV_CDATA,I_TRA,A
ADV_CPI,I_TRA,E
ADV_SLE,I_TRA,B
ADV_TEV,I_TRA,E
OH_ILG,I_QW,A
OH_ILP,I_QW,A
OH_THAB,I_QW,D
OH_TMIN,I_QW,D
OH_TASB,I_QW,A
OH_TRAD,I_QW,C
OH_TVFF,I_QW,A
OH_ZANT,I_QW,C
OH_ZMOS,I_QW,A
OH_ZRAB,I_QW,A
OH_ZTIC,I_QW,A
OH_ZFLE,I_QW,A
OH_ZASE,I_QW,A
OH_ZWBD,I_QW,D
OH_ISAQ,I_QW,C
OH_ISTE,I_QW,A
OH_ISIN,I_QW,C
OH_SWP,I_QW,E
OH_WDAV,I_QW,B
OH_WDAQ,I_QW,C
OH_WDTE,I_QW,A
FIRE,I_QW,C
MET_COLD,I_QW,A
MET_DRO,I_QW,D
MET_HEAT,I_QW,D
MET_HAIL,I_QW,A
MET_LIGH,I_QW,A
MET_HSS,I_QW,E
MET_HWI,I_QW,D
MET_ICE,I_QW,A
MET_SNOW,I_QW,A
MET_TOR,I_QW,D
GEO_CEC,I_QW,A
GEO_CES,I_QW,A
GEO_CWL,I_QW,D
GEO_CWS,I_QW,D
GEO_FWCS,I_QW,D
GEO_ESZ,I_QW,E
GEO_EMAJ,I_QW,E
GEO_EMIN,I_QW,A
GEO_LSF,I_QW,D
GEO_LSS,I_QW,D
GEO_LSDF,I_QW,D
GEO_LSSU,I_QW,C
GEO_LSMD,I_QW,D
GEO_KARST,I_QW,B
GEO_SW,I_QW,A
GEO_FW,I_QW,E
GEO_FF,I_QW,C
GEO_TD,I_QW,B
GEO_TLR,I_QW,E
GEO_TLP,I_QW,E
GEO_VLAH,I_QW,D
GEO_VPLF,I_QW,C
GEO_VPF,I_QW,D
GEO_VLAVA,I_QW,D
GEO_VOG,I_QW,E
GEO_VASH,I_QW,D
TECH_CONT,I_QW,E
TECH_FLTX,I_QW,E
TECH_LFILL,I_QW,D
TECH_SUFU,I_QW,E
TECH_NGEX,I_QW,B
TECH_OIL,I_QW,E
TECH_POW,I_QW,C
TECH_RAD,I_QW,E
TECH_INF,I_QW,C
TECH_IDAM,I_QW,E
TECH_ILEV,I_QW,E
ADV_AS,I_QW,A
ADV_CRBO,I_QW,B
ADV_CDATA,I_QW,A
ADV_CPI,I_QW,D
ADV_SLE,I_QW,B
ADV_TEV,I_QW,E
OH_ILG,I_QA,A
OH_ILP,I_QA,A
OH_THAB,I_QA,B
OH_TMIN,I_QA,A
OH_TASB,I_QA,C
OH_TRAD,I_QA,D
OH_TVFF,I_QA,D
OH_ZANT,I_QA,C
OH_ZMOS,I_QA,A
OH_ZRAB,I_QA,A
OH_ZTIC,I_QA,A
OH_ZFLE,I_QA,A
OH_ZASE,I_QA,A
OH_ZWBD,I_QA,A
OH_ISAQ,I_QA,A
OH_ISTE,I_QA,A
OH_ISIN,I_QA,A
OH_SWP,I_QA,A
OH_WDAV,I_QA,A
OH_WDAQ,I_QA,A
OH_WDTE,I_QA,A
FIRE,I_QA,D
MET_COLD,I_QA,A
MET_DRO,I_QA,D
MET_HEAT,I_QA,D
MET_HAIL,I_QA,A
MET_LIGH,I_QA,A
MET_HSS,I_QA,B
MET_HWI,I_QA,D
MET_ICE,I_QA,A
MET_SNOW,I_QA,A
MET_TOR,I_QA,C
GEO_CEC,I_QA,A
GEO_CES,I_QA,A
GEO_CWL,I_QA,A
GEO_CWS,I_QA,A
GEO_FWCS,I_QA,A
GEO_ESZ,I_QA,D
GEO_EMAJ,I_QA,D
GEO_EMIN,I_QA,A
GEO_LSF,I_QA,B
GEO_LSS,I_QA,A
GEO_LSDF,I_QA,A
GEO_LSSU,I_QA,A
GEO_LSMD,I_QA,A
GEO_KARST,I_QA,A
GEO_SW,I_QA,A
GEO_FW,I_QA,B
GEO_FF,I_QA,A
GEO_TD,I_QA,A
GEO_TLR,I_QA,B
GEO_TLP,I_QA,A
GEO_VLAH,I_QA,A
GEO_VPLF,I_QA,A
GEO_VPF,I_QA,D
GEO_VLAVA,I_QA,C
GEO_VOG,I_QA,D
GEO_VASH,I_QA,D
TECH_CONT,I_QA,B
TECH_FLTX,I_QA,E
TECH_LFILL,I_QA,A
TECH_SUFU,I_QA,C
TECH_NGEX,I_QA,B
TECH_OIL,I_QA,C
TECH_POW,I_QA,B
TECH_RAD,I_QA,E
TECH_INF,I_QA,C
TECH_IDAM,I_QA,A
TECH_ILEV,I_QA,A
ADV_AS,I_QA,A
ADV_CRBO,I_QA,A
ADV_CDATA,I_QA,A
ADV_CPI,I_QA,B
ADV_SLE,I_QA,A
ADV_TEV,I_QA,E
OH_ILG,I_QS,A
OH_ILP,I_QS,A
OH_THAB,I_QS,A
OH_TMIN,I_QS,D
OH_TASB,I_QS,B
OH_TRAD,I_QS,A
OH_TVFF,I_QS,D
OH_ZANT,I_QS,D
OH_ZMOS,I_QS,D
OH_ZRAB,I_QS,B
OH_ZTIC,I_QS,B
OH_ZFLE,I_QS,B
OH_ZASE,I_QS,A
OH_ZWBD,I_QS,A
OH_ISAQ,I_QS,E
OH_ISTE,I_QS,E
OH_ISIN,I_QS,C
OH_SWP,I_QS,C
OH_WDAV,I_QS,D
OH_WDAQ,I_QS,D
OH_WDTE,I_QS,D
FIRE,I_QS,D
MET_COLD,I_QS,B
MET_DRO,I_QS,E
MET_HEAT,I_QS,C
MET_HAIL,I_QS,A
MET_LIGH,I_QS,A
MET_HSS,I_QS,E
MET_HWI,I_QS,E
MET_ICE,I_QS,B
MET_SNOW,I_QS,B
MET_TOR,I_QS,C
GEO_CEC,I_QS,D
GEO_CES,I_QS,C
GEO_CWL,I_QS,E
GEO_CWS,I_QS,C
GEO_FWCS,I_QS,C
GEO_ESZ,I_QS,C
GEO_EMAJ,I_QS,B
GEO_EMIN,I_QS,A
GEO_LSF,I_QS,C
GEO_LSS,I_QS,B
GEO_LSDF,I_QS,D
GEO_LSSU,I_QS,B
GEO_LSMD,I_QS,D
GEO_KARST,I_QS,C
GEO_SW,I_QS,A
GEO_FW,I_QS,C
GEO_FF,I_QS,C
GEO_TD,I_QS,B
GEO_TLR,I_QS,C
GEO_TLP,I_QS,C
GEO_VLAH,I_QS,D
GEO_VPLF,I_QS,D
GEO_VPF,I_QS,E
GEO_VLAVA,I_QS,C
GEO_VOG,I_QS,C
GEO_VASH,I_QS,A
TECH_CONT,I_QS,E
TECH_FLTX,I_QS,E
TECH_LFILL,I_QS,E
TECH_SUFU,I_QS,E
TECH_NGEX,I_QS,E
TECH_OIL,I_QS,E
TECH_POW,I_QS,A
TECH_RAD,I_QS,E
TECH_INF,I_QS,C
TECH_IDAM,I_QS,E
TECH_ILEV,I_QS,E
ADV_AS,I_QS,A
ADV_CRBO,I_QS,D
ADV_CDATA,I_QS,A
ADV_CPI,I_QS,A
ADV_SLE,I_QS,B
ADV_TEV,I_QS,B
OH_ILG,I_NRHG,A
OH_ILP,I_NRHG,A
OH_THAB,I_NRHG,D
OH_TMIN,I_NRHG,D
OH_TASB,I_NRHG,B
OH_TRAD,I_NRHG,A
OH_TVFF,I_NRHG,D
OH_ZANT,I_NRHG,C
OH_ZMOS,I_NRHG,C
OH_ZRAB,I_NRHG,B
OH_ZTIC,I_NRHG,D
OH_ZFLE,I_NRHG,B
OH_ZASE,I_NRHG,A
OH_ZWBD,I_NRHG,B
OH_ISAQ,I_NRHG,E
OH_ISTE,I_NRHG,E
OH_ISIN,I_NRHG,E
OH_SWP,I_NRHG,E
OH_WDAV,I_NRHG,C
OH_WDAQ,I_NRHG,D
OH_WDTE,I_NRHG,D
FIRE,I_NRHG,D
MET_COLD,I_NRHG,C
MET_DRO,I_NRHG,D
MET_HEAT,I_NRHG,D
MET_HAIL,I_NRHG,A
MET_LIGH,I_NRHG,A
MET_HSS,I_NRHG,D
MET_HWI,I_NRHG,D
MET_ICE,I_NRHG,A
MET_SNOW,I_NRHG,B
MET_TOR,I_NRHG,B
GEO_CEC,I_NRHG,A
GEO_CES,I_NRHG,A
GEO_CWL,I_NRHG,D
GEO_CWS,I_NRHG,B
GEO_FWCS,I_NRHG,C
GEO_ESZ,I_NRHG,E
GEO_EMAJ,I_NRHG,B
GEO_EMIN,I_NRHG,A
GEO_LSF,I_NRHG,A
GEO_LSS,I_NRHG,A
GEO_LSDF,I_NRHG,A
GEO_LSSU,I_NRHG,B
GEO_LSMD,I_NRHG,D
GEO_KARST,I_NRHG,A
GEO_SW,I_NRHG,A
GEO_FW,I_NRHG,D
GEO_FF,I_NRHG,B
GEO_TD,I_NRHG,A
GEO_TLR,I_NRHG,D
GEO_TLP,I_NRHG,B
GEO_VLAH,I_NRHG,C
GEO_VPLF,I_NRHG,C
GEO_VPF,I_NRHG,E
GEO_VLAVA,I_NRHG,E
GEO_VOG,I_NRHG,B
GEO_VASH,I_NRHG,B
TECH_CONT,I_NRHG,E
TECH_FLTX,I_NRHG,E
TECH_LFILL,I_NRHG,E
TECH_SUFU,I_NRHG,E
TECH_NGEX,I_NRHG,E
TECH_OIL,I_NRHG,E
TECH_POW,I_NRHG,A
TECH_RAD,I_NRHG,E
TECH_INF,I_NRHG,B
TECH_IDAM,I_NRHG,E
TECH_ILEV,I_NRHG,E
ADV_AS,I_NRHG,A
ADV_CRBO,I_NRHG,A
ADV_CDATA,I_NRHG,A
ADV_CPI,I_NRHG,A
ADV_SLE,I_NRHG,C
ADV_TEV,I_NRHG,B
OH_ILG,I_NRAG,A
OH_ILP,I_NRAG,D
OH_THAB,I_NRAG,D
OH_TMIN,I_NRAG,D
OH_TASB,I_NRAG,B
OH_TRAD,I_NRAG,A
OH_TVFF,I_NRAG,E
OH_ZANT,I_NRAG,D
OH_ZMOS,I_NRAG,C
OH_ZRAB,I_NRAG,A
OH_ZTIC,I_NRAG,A
OH_ZFLE,I_NRAG,A
OH_ZASE,I_NRAG,A
OH_ZWBD,I_NRAG,A
OH_ISAQ,I_NRAG,E
OH_ISTE,I_NRAG,E
OH_ISIN,I_NRAG,E
OH_SWP,I_NRAG,E
OH_WDAV,I_NRAG,E
OH_WDAQ,I_NRAG,D
OH_WDTE,I_NRAG,E
FIRE,I_NRAG,E
MET_COLD,I_NRAG,D
MET_DRO,I_NRAG,E
MET_HEAT,I_NRAG,D
MET_HAIL,I_NRAG,D
MET_LIGH,I_NRAG,B
MET_HSS,I_NRAG,E
MET_HWI,I_NRAG,E
MET_ICE,I_NRAG,D
MET_SNOW,I_NRAG,D
MET_TOR,I_NRAG,D
GEO_CEC,I_NRAG,B
GEO_CES,I_NRAG,B
GEO_CWL,I_NRAG,D
GEO_CWS,I_NRAG,C
GEO_FWCS,I_NRAG,D
GEO_ESZ,I_NRAG,E
GEO_EMAJ,I_NRAG,D
GEO_EMIN,I_NRAG,A
GEO_LSF,I_NRAG,C
GEO_LSS,I_NRAG,B
GEO_LSDF,I_NRAG,B
GEO_LSSU,I_NRAG,A
GEO_LSMD,I_NRAG,B
GEO_KARST,I_NRAG,A
GEO_SW,I_NRAG,B
GEO_FW,I_NRAG,E
GEO_FF,I_NRAG,B
GEO_TD,I_NRAG,C
GEO_TLR,I_NRAG,E
GEO_TLP,I_NRAG,C
GEO_VLAH,I_NRAG,D
GEO_VPLF,I_NRAG,D
GEO_VPF,I_NRAG,E
GEO_VLAVA,I_NRAG,E
GEO_VOG,I_NRAG,D
GEO_VASH,I_NRAG,D
TECH_CONT,I_NRAG,E
TECH_FLTX,I_NRAG,E
TECH_LFILL,I_NRAG,E
TECH_SUFU,I_NRAG,E
TECH_NGEX,I_NRAG,E
TECH_OIL,I_NRAG,E
TECH_POW,I_NRAG,C
TECH_RAD,I_NRAG,E
TECH_INF,I_NRAG,D
TECH_IDAM,I_NRAG,E
TECH_ILEV,I_NRAG,E
ADV_AS,I_NRAG,A
ADV_CRBO,I_NRAG,B
ADV_CDATA,I_NRAG,A
ADV_CPI,I_NRAG,C
ADV_SLE,I_NRAG,C
ADV_TEV,I_NRAG,C
OH_ILG,I_NRRO,B
OH_ILP,I_NRRO,D
OH_THAB,I_NRRO,D
OH_TMIN,I_NRRO,D
OH_TASB,I_NRRO,B
OH_TRAD,I_NRRO,A
OH_TVFF,I_NRRO,C
OH_ZANT,I_NRRO,D
OH_ZMOS,I_NRRO,C
OH_ZRAB,I_NRRO,C
OH_ZTIC,I_NRRO,C
OH_ZFLE,I_NRRO,C
OH_ZASE,I_NRRO,C
OH_ZWBD,I_NRRO,C
OH_ISAQ,I_NRRO,C
OH_ISTE,I_NRRO,C
OH_ISIN,I_NRRO,C
OH_SWP,I_NRRO,D
OH_WDAV,I_NRRO,C
OH_WDAQ,I_NRRO,C
OH_WDTE,I_NRRO,C
FIRE,I_NRRO,D
MET_COLD,I_NRRO,D
MET_DRO,I_NRRO,C
MET_HEAT,I_NRRO,D
MET_HAIL,I_NRRO,D
MET_LIGH,I_NRRO,C
MET_HSS,I_NRRO,D
MET_HWI,I_NRRO,D
MET_ICE,I_NRRO,D
MET_SNOW,I_NRRO,C
MET_TOR,I_NRRO,D
GEO_CEC,I_NRRO,C
GEO_CES,I_NRRO,C
GEO_CWL,I_NRRO,E
GEO_CWS,I_NRRO,B
GEO_FWCS,I_NRRO,D
GEO_ESZ,I_NRRO,D
GEO_EMAJ,I_NRRO,D
GEO_EMIN,I_NRRO,C
GEO_LSF,I_NRRO,D
GEO_LSS,I_NRRO,D
GEO_LSDF,I_NRRO,D
GEO_LSSU,I_NRRO,A
GEO_LSMD,I_NRRO,A
GEO_KARST,I_NRRO,C
GEO_SW,I_NRRO,A
GEO_FW,I_NRRO,D
GEO_FF,I_NRRO,D
GEO_TD,I_NRRO,C
GEO_TLR,I_NRRO,E
GEO_TLP,I_NRRO,D
GEO_VLAH,I_NRRO,E
GEO_VPLF,I_NRRO,D
GEO_VPF,I_NRRO,E
GEO_VLAVA,I_NRRO,E
GEO_VOG,I_NRRO,D
GEO_VASH,I_NRRO,D
TECH_CONT,I_NRRO,E
TECH_FLTX,I_NRRO,E
TECH_LFILL,I_NRRO,E
TECH_SUFU,I_NRRO,E
TECH_NGEX,I_NRRO,E
TECH_OIL,I_NRRO,E
TECH_POW,I_NRRO,C
TECH_RAD,I_NRRO,E
TECH_INF,I_NRRO,E
TECH_IDAM,I_NRRO,E
TECH_ILEV,I_NRRO,E
ADV_AS,I_NRRO,A
ADV_CRBO,I_NRRO,D
ADV_CDATA,I_NRRO,A
ADV_CPI,I_NRRO,D
ADV_SLE,I_NRRO,D
ADV_TEV,I_NRRO,E
OH_ILG,I_NREC,A
OH_ILP,I_NREC,D
OH_THAB,I_NREC,A
OH_TMIN,I_NREC,A
OH_TASB,I_NREC,D
OH_TRAD,I_NREC,A
OH_TVFF,I_NREC,A
OH_ZANT,I_NREC,A
OH_ZMOS,I_NREC,A
OH_ZRAB,I_NREC,A
OH_ZTIC,I_NREC,A
OH_ZFLE,I_NREC,A
OH_ZASE,I_NREC,A
OH_ZWBD,I_NREC,A
OH_ISAQ,I_NREC,A
OH_ISTE,I_NREC,A
OH_ISIN,I_NREC,A
OH_SWP,I_NREC,A
OH_WDAV,I_NREC,A
OH_WDAQ,I_NREC,A
OH_WDTE,I_NREC,A
FIRE,I_NREC,E
MET_COLD,I_NREC,D
MET_DRO,I_NREC,B
MET_HEAT,I_NREC,D
MET_HAIL,I_NREC,B
MET_LIGH,I_NREC,B
MET_HSS,I_NREC,E
MET_HWI,I_NREC,E
MET_ICE,I_NREC,C
MET_SNOW,I_NREC,B
MET_TOR,I_NREC,D
GEO_CEC,I_NREC,B
GEO_CES,I_NREC,B
GEO_CWL,I_NREC,D
GEO_CWS,I_NREC,C
GEO_FWCS,I_NREC,D
GEO_ESZ,I_NREC,E
GEO_EMAJ,I_NREC,E
GEO_EMIN,I_NREC,C
GEO_LSF,I_NREC,D
GEO_LSS,I_NREC,D
GEO_LSDF,I_NREC,D
GEO_LSSU,I_NREC,D
GEO_LSMD,I_NREC,E
GEO_KARST,I_NREC,D
GEO_SW,I_NREC,D
GEO_FW,I_NREC,E
GEO_FF,I_NREC,E
GEO_TD,I_NREC,B
GEO_TLR,I_NREC,E
GEO_TLP,I_NREC,C
GEO_VLAH,I_NREC,E
GEO_VPLF,I_NREC,D
GEO_VPF,I_NREC,E
GEO_VLAVA,I_NREC,E
GEO_VOG,I_NREC,D
GEO_VASH,I_NREC,D
TECH_CONT,I_NREC,B
TECH_FLTX,I_NREC,E
TECH_LFILL,I_NREC,A
TECH_SUFU,I_NREC,A
TECH_NGEX,I_NREC,E
TECH_OIL,I_NREC,C
TECH_POW,I_NREC,E
TECH_RAD,I_NREC,E
TECH_INF,I_NREC,E
TECH_IDAM,I_NREC,E
TECH_ILEV,I_NREC,E
ADV_AS,I_NREC,A
ADV_CRBO,I_NREC,A
ADV_CDATA,I_NREC,A
ADV_CPI,I_NREC,E
ADV_SLE,I_NREC,D
ADV_TEV,I_NREC,E
OH_ILG,I_CARCH,A
OH_ILP,I_CARCH,C
OH_THAB,I_CARCH,A
OH_TMIN,I_CARCH,B
OH_TASB,I_CARCH,A
OH_TRAD,I_CARCH,B
OH_TVFF,I_CARCH,A
OH_ZANT,I_CARCH,A
OH_ZMOS,I_CARCH,A
OH_ZRAB,I_CARCH,A
OH_ZTIC,I_CARCH,A
OH_ZFLE,I_CARCH,A
OH_ZASE,I_CARCH,A
OH_ZWBD,I_CARCH,A
OH_ISAQ,I_CARCH,B
OH_ISTE,I_CARCH,C
OH_ISIN,I_CARCH,C
OH_SWP,I_CARCH,C
OH_WDAV,I_CARCH,A
OH_WDAQ,I_CARCH,A
OH_WDTE,I_CARCH,A
FIRE,I_CARCH,E
MET_COLD,I_CARCH,B
MET_DRO,I_CARCH,C
MET_HEAT,I_CARCH,B
MET_HAIL,I_CARCH,B
MET_LIGH,I_CARCH,A
MET_HSS,I_CARCH,E
MET_HWI,I_CARCH,C
MET_ICE,I_CARCH,B
MET_SNOW,I_CARCH,A
MET_TOR,I_CARCH,E
GEO_CEC,I_CARCH,E
GEO_CES,I_CARCH,E
GEO_CWL,I_CARCH,E
GEO_CWS,I_CARCH,D
GEO_FWCS,I_CARCH,D
GEO_ESZ,I_CARCH,D
GEO_EMAJ,I_CARCH,D
GEO_EMIN,I_CARCH,B
GEO_LSF,I_CARCH,E
GEO_LSS,I_CARCH,E
GEO_LSDF,I_CARCH,E
GEO_LSSU,I_CARCH,E
GEO_LSMD,I_CARCH,E
GEO_KARST,I_CARCH,D
GEO_SW,I_CARCH,A
GEO_FW,I_CARCH,D
GEO_FF,I_CARCH,E
GEO_TD,I_CARCH,C
GEO_TLR,I_CARCH,E
GEO_TLP,I_CARCH,E
GEO_VLAH,I_CARCH,E
GEO_VPLF,I_CARCH,D
GEO_VPF,I_CARCH,E
GEO_VLAVA,I_CARCH,E
GEO_VOG,I_CARCH,B
GEO_VASH,I_CARCH,B
TECH_CONT,I_CARCH,D
TECH_FLTX,I_CARCH,D
TECH_LFILL,I_CARCH,D
TECH_SUFU,I_CARCH,D
TECH_NGEX,I_CARCH,E
TECH_OIL,I_CARCH,D
TECH_POW,I_CARCH,A
TECH_RAD,I_CARCH,C
TECH_INF,I_CARCH,C
TECH_IDAM,I_CARCH,E
TECH_ILEV,I_CARCH,E
ADV_AS,I_CARCH,A
ADV_CRBO,I_CARCH,D
ADV_CDATA,I_CARCH,A
ADV_CPI,I_CARCH,A
ADV_SLE,I_CARCH,B
ADV_TEV,I_CARCH,E
OH_ILG,I_CMUS,A
OH_ILP,I_CMUS,A
OH_THAB,I_CMUS,A
OH_TMIN,I_CMUS,A
OH_TASB,I_CMUS,A
OH_TRAD,I_CMUS,A
OH_TVFF,I_CMUS,A
OH_ZANT,I_CMUS,A
OH_ZMOS,I_CMUS,A
OH_ZRAB,I_CMUS,A
OH_ZTIC,I_CMUS,A
OH_ZFLE,I_CMUS,A
OH_ZASE,I_CMUS,A
OH_ZWBD,I_CMUS,A
OH_ISAQ,I_CMUS,A
OH_ISTE,I_CMUS,A
OH_ISIN,I_CMUS,E
OH_SWP,I_CMUS,A
OH_WDAV,I_CMUS,A
OH_WDAQ,I_CMUS,A
OH_WDTE,I_CMUS,A
FIRE,I_CMUS,E
MET_COLD,I_CMUS,A
MET_DRO,I_CMUS,A
MET_HEAT,I_CMUS,A
MET_HAIL,I_CMUS,A
MET_LIGH,I_CMUS,D
MET_HSS,I_CMUS,D
MET_HWI,I_CMUS,D
MET_ICE,I_CMUS,C
MET_SNOW,I_CMUS,C
MET_TOR,I_CMUS,E
GEO_CEC,I_CMUS,B
GEO_CES,I_CMUS,B
GEO_CWL,I_CMUS,B
GEO_CWS,I_CMUS,D
GEO_FWCS,I_CMUS,D
GEO_ESZ,I_CMUS,E
GEO_EMAJ,I_CMUS,E
GEO_EMIN,I_CMUS,C
GEO_LSF,I_CMUS,E
GEO_LSS,I_CMUS,E
GEO_LSDF,I_CMUS,E
GEO_LSSU,I_CMUS,A
GEO_LSMD,I_CMUS,A
GEO_KARST,I_CMUS,C
GEO_SW,I_CMUS,A
GEO_FW,I_CMUS,D
GEO_FF,I_CMUS,D
GEO_TD,I_CMUS,D
GEO_TLR,I_CMUS,E
GEO_TLP,I_CMUS,E
GEO_VLAH,I_CMUS,E
GEO_VPLF,I_CMUS,D
GEO_VPF,I_CMUS,E
GEO_VLAVA,I_CMUS,E
GEO_VOG,I_CMUS,B
GEO_VASH,I_CMUS,B
TECH_CONT,I_CMUS,A
TECH_FLTX,I_CMUS,A
TECH_LFILL,I_CMUS,A
TECH_SUFU,I_CMUS,A
TECH_NGEX,I_CMUS,E
TECH_OIL,I_CMUS,A
TECH_POW,I_CMUS,C
TECH_RAD,I_CMUS,C
TECH_INF,I_CMUS,A
TECH_IDAM,I_CMUS,D
TECH_ILEV,I_CMUS,D
ADV_AS,I_CMUS,A
ADV_CRBO,I_CMUS,A
ADV_CDATA,I_CMUS,E
ADV_CPI,I_CMUS,C
ADV_SLE,I_CMUS,B
ADV_TEV,I_CMUS,E
OH_ILG,I_CCUL,A
OH_ILP,I_CCUL,C
OH_THAB,I_CCUL,C
OH_TMIN,I_CCUL,B
OH_TASB,I_CCUL,A
OH_TRAD,I_CCUL,B
OH_TVFF,I_CCUL,A
OH_ZANT,I_CCUL,A
OH_ZMOS,I_CCUL,A
OH_ZRAB,I_CCUL,A
OH_ZTIC,I_CCUL,A
OH_ZFLE,I_CCUL,A
OH_ZASE,I_CCUL,A
OH_ZWBD,I_CCUL,A
OH_ISAQ,I_CCUL,C
OH_ISTE,I_CCUL,C
OH_ISIN,I_CCUL,D
OH_SWP,I_CCUL,B
OH_WDAV,I_CCUL,A
OH_WDAQ,I_CCUL,A
OH_WDTE,I_CCUL,A
FIRE,I_CCUL,E
MET_COLD,I_CCUL,C
MET_DRO,I_CCUL,D
MET_HEAT,I_CCUL,D
MET_HAIL,I_CCUL,B
MET_LIGH,I_CCUL,B
MET_HSS,I_CCUL,D
MET_HWI,I_CCUL,D
MET_ICE,I_CCUL,C
MET_SNOW,I_CCUL,C
MET_TOR,I_CCUL,E
GEO_CEC,I_CCUL,D
GEO_CES,I_CCUL,D
GEO_CWL,I_CCUL,D
GEO_CWS,I_CCUL,D
GEO_FWCS,I_CCUL,D
GEO_ESZ,I_CCUL,D
GEO_EMAJ,I_CCUL,D
GEO_EMIN,I_CCUL,C
GEO_LSF,I_CCUL,E
GEO_LSS,I_CCUL,E
GEO_LSDF,I_CCUL,E
GEO_LSSU,I_CCUL,A
GEO_LSMD,I_CCUL,A
GEO_KARST,I_CCUL,C
GEO_SW,I_CCUL,A
GEO_FW,I_CCUL,D
GEO_FF,I_CCUL,E
GEO_TD,I_CCUL,C
GEO_TLR,I_CCUL,E
GEO_TLP,I_CCUL,E
GEO_VLAH,I_CCUL,E
GEO_VPLF,I_CCUL,E
GEO_VPF,I_CCUL,E
GEO_VLAVA,I_CCUL,E
GEO_VOG,I_CCUL,B
GEO_VASH,I_CCUL,C
TECH_CONT,I_CCUL,D
TECH_FLTX,I_CCUL,D
TECH_LFILL,I_CCUL,D
TECH_SUFU,I_CCUL,D
TECH_NGEX,I_CCUL,E
TECH_OIL,I_CCUL,D
TECH_POW,I_CCUL,A
TECH_RAD,I_CCUL,C
TECH_INF,I_CCUL,D
TECH_IDAM,I_CCUL,D
TECH_ILEV,I_CCUL,D
ADV_AS,I_CCUL,A
ADV_CRBO,I_CCUL,D
ADV_CDATA,I_CCUL,A
ADV_CPI,I_CCUL,A
ADV_SLE,I_CCUL,B
ADV_TEV,I_CCUL,E
OH_ILG,I_CHIST,A
OH_ILP,I_CHIST,C
OH_THAB,I_CHIST,A
OH_TMIN,I_CHIST,B
OH_TASB,I_CHIST,A
OH_TRAD,I_CHIST,B
OH_TVFF,I_CHIST,A
OH_ZANT,I_CHIST,A
OH_ZMOS,I_CHIST,A
OH_ZRAB,I_CHIST,A
OH_ZTIC,I_CHIST,A
OH_ZFLE,I_CHIST,A
OH_ZASE,I_CHIST,A
OH_ZWBD,I_CHIST,A
OH_ISAQ,I_CHIST,A
OH_ISTE,I_CHIST,B
OH_ISIN,I_CHIST,E
OH_SWP,I_CHIST,B
OH_WDAV,I_CHIST,A
OH_WDAQ,I_CHIST,A
OH_WDTE,I_CHIST,A
FIRE,I_CHIST,E
MET_COLD,I_CHIST,C
MET_DRO,I_CHIST,C
MET_HEAT,I_CHIST,C
MET_HAIL,I_CHIST,C
MET_LIGH,I_CHIST,D
MET_HSS,I_CHIST,E
MET_HWI,I_CHIST,E
MET_ICE,I_CHIST,D
MET_SNOW,I_CHIST,D
MET_TOR,I_CHIST,E
GEO_CEC,I_CHIST,D
GEO_CES,I_CHIST,D
GEO_CWL,I_CHIST,D
GEO_CWS,I_CHIST,E
GEO_FWCS,I_CHIST,E
GEO_ESZ,I_CHIST,E
GEO_EMAJ,I_CHIST,E
GEO_EMIN,I_CHIST,C
GEO_LSF,I_CHIST,E
GEO_LSS,I_CHIST,E
GEO_LSDF,I_CHIST,E
GEO_LSSU,I_CHIST,A
GEO_LSMD,I_CHIST,A
GEO_KARST,I_CHIST,E
GEO_SW,I_CHIST,A
GEO_FW,I_CHIST,E
GEO_FF,I_CHIST,E
GEO_TD,I_CHIST,D
GEO_TLR,I_CHIST,E
GEO_TLP,I_CHIST,E
GEO_VLAH,I_CHIST,E
GEO_VPLF,I_CHIST,E
GEO_VPF,I_CHIST,E
GEO_VLAVA,I_CHIST,E
GEO_VOG,I_CHIST,C
GEO_VASH,I_CHIST,C
TECH_CONT,I_CHIST,C
TECH_FLTX,I_CHIST,C
TECH_LFILL,I_CHIST,C
TECH_SUFU,I_CHIST,C
TECH_NGEX,I_CHIST,E
TECH_OIL,I_CHIST,D
TECH_POW,I_CHIST,A
TECH_RAD,I_CHIST,C
TECH_INF,I_CHIST,E
TECH_IDAM,I_CHIST,D
TECH_ILEV,I_CHIST,D
ADV_AS,I_CHIST,A
ADV_CRBO,I_CHIST,C
ADV_CDATA,I_CHIST,A
ADV_CPI,I_CHIST,C
ADV_SLE,I_CHIST,B
ADV_TEV,I_CHIST,E
OH_ILG,R_FAC,A
OH_ILP,R_FAC,B
OH_THAB,R_FAC,B
OH_TMIN,R_FAC,A
OH_TASB,R_FAC,A
OH_TRAD,R_FAC,A
OH_TVFF,R_FAC,A
OH_ZANT,R_FAC,B
OH_ZMOS,R_FAC,B
OH_ZRAB,R_FAC,B
OH_ZTIC,R_FAC,A
OH_ZFLE,R_FAC,B
OH_ZASE,R_FAC,B
OH_ZWBD,R_FAC,A
OH_ISAQ,R_FAC,A
OH_ISTE,R_FAC,A
OH_ISIN,R_FAC,A
OH_SWP,R_FAC,A
OH_WDAV,R_FAC,A
OH_WDAQ,R_FAC,A
OH_WDTE,R_FAC,A
FIRE,R_FAC,E
MET_COLD,R_FAC,A
MET_DRO,R_FAC,A
MET_HEAT,R_FAC,A
MET_HAIL,R_FAC,B
MET_LIGH,R_FAC,B
MET_HSS,R_FAC,D
MET_HWI,R_FAC,D
MET_ICE,R_FAC,C
MET_SNOW,R_FAC,B
MET_TOR,R_FAC,D
GEO_CEC,R_FAC,D
GEO_CES,R_FAC,D
GEO_CWL,R_FAC,E
GEO_CWS,R_FAC,D
GEO_FWCS,R_FAC,D
GEO_ESZ,R_FAC,D
GEO_EMAJ,R_FAC,D
GEO_EMIN,R_FAC,C
GEO_LSF,R_FAC,D
GEO_LSS,R_FAC,D
GEO_LSDF,R_FAC,D
GEO_LSSU,R_FAC,A
GEO_LSMD,R_FAC,A
GEO_KARST,R_FAC,D
GEO_SW,R_FAC,D
GEO_FW,R_FAC,D
GEO_FF,R_FAC,D
GEO_TD,R_FAC,C
GEO_TLR,R_FAC,D
GEO_TLP,R_FAC,D
GEO_VLAH,R_FAC,D
GEO_VPLF,R_FAC,C
GEO_VPF,R_FAC,E
GEO_VLAVA,R_FAC,E
GEO_VOG,R_FAC,B
GEO_VASH,R_FAC,B
TECH_CONT,R_FAC,D
TECH_FLTX,R_FAC,D
TECH_LFILL,R_FAC,C
TECH_SUFU,R_FAC,D
TECH_NGEX,R_FAC,D
TECH_OIL,R_FAC,D
TECH_POW,R_FAC,A
TECH_RAD,R_FAC,E
TECH_INF,R_FAC,D
TECH_IDAM,R_FAC,D
TECH_ILEV,R_FAC,D
ADV_AS,R_FAC,D
ADV_CRBO,R_FAC,A
ADV_CDATA,R_FAC,A
ADV_CPI,R_FAC,D
ADV_SLE,R_FAC,C
ADV_TEV,R_FAC,D
OH_ILG,R_INF,A
OH_ILP,R_INF,B
OH_THAB,R_INF,A
OH_TMIN,R_INF,A
OH_TASB,R_INF,A
OH_TRAD,R_INF,A
OH_TVFF,R_INF,A
OH_ZANT,R_INF,B
OH_ZMOS,R_INF,A
OH_ZRAB,R_INF,A
OH_ZTIC,R_INF,A
OH_ZFLE,R_INF,A
OH_ZASE,R_INF,A
OH_ZWBD,R_INF,A
OH_ISAQ,R_INF,D
OH_ISTE,R_INF,C
OH_ISIN,R_INF,A
OH_SWP,R_INF,A
OH_WDAV,R_INF,A
OH_WDAQ,R_INF,A
OH_WDTE,R_INF,A
FIRE,R_INF,C
MET_COLD,R_INF,A
MET_DRO,R_INF,B
MET_HEAT,R_INF,B
MET_HAIL,R_INF,B
MET_LIGH,R_INF,B
MET_HSS,R_INF,D
MET_HWI,R_INF,D
MET_ICE,R_INF,C
MET_SNOW,R_INF,B
MET_TOR,R_INF,D
GEO_CEC,R_INF,D
GEO_CES,R_INF,D
GEO_CWL,R_INF,E
GEO_CWS,R_INF,D
GEO_FWCS,R_INF,D
GEO_ESZ,R_INF,D
GEO_EMAJ,R_INF,D
GEO_EMIN,R_INF,C
GEO_LSF,R_INF,D
GEO_LSS,R_INF,D
GEO_LSDF,R_INF,D
GEO_LSSU,R_INF,D
GEO_LSMD,R_INF,D
GEO_KARST,R_INF,D
GEO_SW,R_INF,D
GEO_FW,R_INF,D
GEO_FF,R_INF,D
GEO_TD,R_INF,C
GEO_TLR,R_INF,D
GEO_TLP,R_INF,D
GEO_VLAH,R_INF,D
GEO_VPLF,R_INF,C
GEO_VPF,R_INF,E
GEO_VLAVA,R_INF,E
GEO_VOG,R_INF,A
GEO_VASH,R_INF,B
TECH_CONT,R_INF,B
TECH_FLTX,R_INF,B
TECH_LFILL,R_INF,B
TECH_SUFU,R_INF,B
TECH_NGEX,R_INF,D
TECH_OIL,R_INF,D
TECH_POW,R_INF,B
TECH_RAD,R_INF,E
TECH_INF,R_INF,D
TECH_IDAM,R_INF,D
TECH_ILEV,R_INF,D
ADV_AS,R_INF,C
ADV_CRBO,R_INF,A
ADV_CDATA,R_INF,B
ADV_CPI,R_INF,D
ADV_SLE,R_INF,C
ADV_TEV,R_INF,D
OH_ILG,R_CA,A
OH_ILP,R_CA,C
OH_THAB,R_CA,A
OH_TMIN,R_CA,A
OH_TASB,R_CA,A
OH_TRAD,R_CA,A
OH_TVFF,R_CA,A
OH_ZANT,R_CA,A
OH_ZMOS,R_CA,A
OH_ZRAB,R_CA,A
OH_ZTIC,R_CA,A
OH_ZFLE,R_CA,A
OH_ZASE,R_CA,A
OH_ZWBD,R_CA,A
OH_ISAQ,R_CA,A
OH_ISTE,R_CA,A
OH_ISIN,R_CA,A
OH_SWP,R_CA,A
OH_WDAV,R_CA,A
OH_WDAQ,R_CA,A
OH_WDTE,R_CA,A
FIRE,R_CA,E
MET_COLD,R_CA,A
MET_DRO,R_CA,A
MET_HEAT,R_CA,A
MET_HAIL,R_CA,B
MET_LIGH,R_CA,B
MET_HSS,R_CA,E
MET_HWI,R_CA,E
MET_ICE,R_CA,B
MET_SNOW,R_CA,B
MET_TOR,R_CA,E
GEO_CEC,R_CA,D
GEO_CES,R_CA,D
GEO_CWL,R_CA,E
GEO_CWS,R_CA,D
GEO_FWCS,R_CA,E
GEO_ESZ,R_CA,E
GEO_EMAJ,R_CA,D
GEO_EMIN,R_CA,C
GEO_LSF,R_CA,E
GEO_LSS,R_CA,E
GEO_LSDF,R_CA,E
GEO_LSSU,R_CA,E
GEO_LSMD,R_CA,E
GEO_KARST,R_CA,D
GEO_SW,R_CA,A
GEO_FW,R_CA,E
GEO_FF,R_CA,E
GEO_TD,R_CA,C
GEO_TLR,R_CA,E
GEO_TLP,R_CA,E
GEO_VLAH,R_CA,E
GEO_VPLF,R_CA,E
GEO_VPF,R_CA,E
GEO_VLAVA,R_CA,E
GEO_VOG,R_CA,A
GEO_VASH,R_CA,B
TECH_CONT,R_CA,E
TECH_FLTX,R_CA,E
TECH_LFILL,R_CA,D
TECH_SUFU,R_CA,E
TECH_NGEX,R_CA,E
TECH_OIL,R_CA,D
TECH_POW,R_CA,A
TECH_RAD,R_CA,E
TECH_INF,R_CA,A
TECH_IDAM,R_CA,E
TECH_ILEV,R_CA,E
ADV_AS,R_CA,A
ADV_CRBO,R_CA,C
ADV_CDATA,R_CA,A
ADV_CPI,R_CA,B
ADV_SLE,R_CA,B
ADV_TEV,R_CA,E
OH_ILG,R_HAB,A
OH_ILP,R_HAB,B
OH_THAB,R_HAB,A
OH_TMIN,R_HAB,A
OH_TASB,R_HAB,A
OH_TRAD,R_HAB,A
OH_TVFF,R_HAB,A
OH_ZANT,R_HAB,A
OH_ZMOS,R_HAB,A
OH_ZRAB,R_HAB,A
OH_ZTIC,R_HAB,A
OH_ZFLE,R_HAB,A
OH_ZASE,R_HAB,A
OH_ZWBD,R_HAB,A
OH_ISAQ,R_HAB,D
OH_ISTE,R_HAB,D
OH_ISIN,R_HAB,D
OH_SWP,R_HAB,A
OH_WDAV,R_HAB,A
OH_WDAQ,R_HAB,A
OH_WDTE,R_HAB,A
FIRE,R_HAB,D
MET_COLD,R_HAB,A
MET_DRO,R_HAB,E
MET_HEAT,R_HAB,A
MET_HAIL,R_HAB,A
MET_LIGH,R_HAB,A
MET_HSS,R_HAB,D
MET_HWI,R_HAB,D
MET_ICE,R_HAB,A
MET_SNOW,R_HAB,A
MET_TOR,R_HAB,D
GEO_CEC,R_HAB,D
GEO_CES,R_HAB,D
GEO_CWL,R_HAB,E
GEO_CWS,R_HAB,D
GEO_FWCS,R_HAB,D
GEO_ESZ,R_HAB,E
GEO_EMAJ,R_HAB,D
GEO_EMIN,R_HAB,C
GEO_LSF,R_HAB,A
GEO_LSS,R_HAB,A
GEO_LSDF,R_HAB,A
GEO_LSSU,R_HAB,A
GEO_LSMD,R_HAB,A
GEO_KARST,R_HAB,A
GEO_SW,R_HAB,A
GEO_FW,R_HAB,E
GEO_FF,R_HAB,B
GEO_TD,R_HAB,B
GEO_TLR,R_HAB,E
GEO_TLP,R_HAB,E
GEO_VLAH,R_HAB,D
GEO_VPLF,R_HAB,D
GEO_VPF,R_HAB,E
GEO_VLAVA,R_HAB,E
GEO_VOG,R_HAB,B
GEO_VASH,R_HAB,C
TECH_CONT,R_HAB,D
TECH_FLTX,R_HAB,D
TECH_LFILL,R_HAB,D
TECH_SUFU,R_HAB,D
TECH_NGEX,R_HAB,D
TECH_OIL,R_HAB,D
TECH_POW,R_HAB,A
TECH_RAD,R_HAB,D
TECH_INF,R_HAB,B
TECH_IDAM,R_HAB,D
TECH_ILEV,R_HAB,D
ADV_AS,R_HAB,D
ADV_CRBO,R_HAB,C
ADV_CDATA,R_HAB,A
ADV_CPI,R_HAB,B
ADV_SLE,R_HAB,B
ADV_TEV,R_HAB,D
OH_ILG,R_ECON,A
OH_ILP,R_ECON,D
OH_THAB,R_ECON,A
OH_TMIN,R_ECON,A
OH_TASB,R_ECON,A
OH_TRAD,R_ECON,A
OH_TVFF,R_ECON,A
OH_ZANT,R_ECON,A
OH_ZMOS,R_ECON,A
OH_ZRAB,R_ECON,A
OH_ZTIC,R_ECON,A
OH_ZFLE,R_ECON,A
OH_ZASE,R_ECON,A
OH_ZWBD,R_ECON,A
OH_ISAQ,R_ECON,D
OH_ISTE,R_ECON,D
OH_ISIN,R_ECON,D
OH_SWP,R_ECON,A
OH_WDAV,R_ECON,D
OH_WDAQ,R_ECON,D
OH_WDTE,R_ECON,A
FIRE,R_ECON,C
MET_COLD,R_ECON,A
MET_DRO,R_ECON,A
MET_HEAT,R_ECON,A
MET_HAIL,R_ECON,B
MET_LIGH,R_ECON,B
MET_HSS,R_ECON,D
MET_HWI,R_ECON,D
MET_ICE,R_ECON,B
MET_SNOW,R_ECON,B
MET_TOR,R_ECON,D
GEO_CEC,R_ECON,A
GEO_CES,R_ECON,A
GEO_CWL,R_ECON,E
GEO_CWS,R_ECON,D
GEO_FWCS,R_ECON,D
GEO_ESZ,R_ECON,D
GEO_EMAJ,R_ECON,D
GEO_EMIN,R_ECON,C
GEO_LSF,R_ECON,D
GEO_LSS,R_ECON,D
GEO_LSDF,R_ECON,D
GEO_LSSU,R_ECON,D
GEO_LSMD,R_ECON,D
GEO_KARST,R_ECON,D
GEO_SW,R_ECON,C
GEO_FW,R_ECON,D
GEO_FF,R_ECON,B
GEO_TD,R_ECON,C
GEO_TLR,R_ECON,D
GEO_TLP,R_ECON,D
GEO_VLAH,R_ECON,D
GEO_VPLF,R_ECON,C
GEO_VPF,R_ECON,D
GEO_VLAVA,R_ECON,E
GEO_VOG,R_ECON,A
GEO_VASH,R_ECON,B
TECH_CONT,R_ECON,C
TECH_FLTX,R_ECON,C
TECH_LFILL,R_ECON,C
TECH_SUFU,R_ECON,C
TECH_NGEX,R_ECON,C
TECH_OIL,R_ECON,D
TECH_POW,R_ECON,B
TECH_RAD,R_ECON,E
TECH_INF,R_ECON,D
TECH_IDAM,R_ECON,D
TECH_ILEV,R_ECON,D
ADV_AS,R_ECON,A
ADV_CRBO,R_ECON,A
ADV_CDATA,R_ECON,B
ADV_CPI,R_ECON,D
ADV_SLE,R_ECON,B
ADV_TEV,R_ECON,D
OH_ILG,R_COST,A
OH_ILP,R_COST,E
OH_THAB,R_COST,D
OH_TMIN,R_COST,E
OH_TASB,R_COST,C
OH_TRAD,R_COST,E
OH_TVFF,R_COST,D
OH_ZANT,R_COST,C
OH_ZMOS,R_COST,D
OH_ZRAB,R_COST,D
OH_ZTIC,R_COST,E
OH_ZFLE,R_COST,B
OH_ZASE,R_COST,B
OH_ZWBD,R_COST,D
OH_ISAQ,R_COST,E
OH_ISTE,R_COST,E
OH_ISIN,R_COST,E
OH_SWP,R_COST,E
OH_WDAV,R_COST,E
OH_WDAQ,R_COST,C
OH_WDTE,R_COST,C
FIRE,R_COST,D
MET_COLD,R_COST,E
MET_DRO,R_COST,E
MET_HEAT,R_COST,E
MET_HAIL,R_COST,E
MET_LIGH,R_COST,B
MET_HSS,R_COST,E
MET_HWI,R_COST,E
MET_ICE,R_COST,E
MET_SNOW,R_COST,E
MET_TOR,R_COST,E
GEO_CEC,R_COST,E
GEO_CES,R_COST,D
GEO_CWL,R_COST,E
GEO_CWS,R_COST,E
GEO_FWCS,R_COST,E
GEO_ESZ,R_COST,E
GEO_EMAJ,R_COST,E
GEO_EMIN,R_COST,D
GEO_LSF,R_COST,D
GEO_LSS,R_COST,D
GEO_LSDF,R_COST,D
GEO_LSSU,R_COST,D
GEO_LSMD,R_COST,E
GEO_KARST,R_COST,D
GEO_SW,R_COST,E
GEO_FW,R_COST,E
GEO_FF,R_COST,D
GEO_TD,R_COST,D
GEO_TLR,R_COST,E
GEO_TLP,R_COST,D
GEO_VLAH,R_COST,E
GEO_VPLF,R_COST,D
GEO_VPF,R_COST,D
GEO_VLAVA,R_COST,E
GEO_VOG,R_COST,C
GEO_VASH,R_COST,D
TECH_CONT,R_COST,D
TECH_FLTX,R_COST,D
TECH_LFILL,R_COST,C
TECH_SUFU,R_COST,D
TECH_NGEX,R_COST,D
TECH_OIL,R_COST,E
TECH_POW,R_COST,B
TECH_RAD,R_COST,E
TECH_INF,R_COST,E
TECH_IDAM,R_COST,E
TECH_ILEV,R_COST,E
ADV_AS,R_COST,A
ADV_CRBO,R_COST,C
ADV_CDATA,R_COST,C
ADV_CPI,R_COST,D
ADV_SLE,R_COST,C
ADV_TEV,R_COST,D
OH_ILG,R_DISC,A
OH_ILP,R_DISC,A
OH_THAB,R_DISC,A
OH_TMIN,R_DISC,A
OH_TASB,R_DISC,C
OH_TRAD,R_DISC,A
OH_TVFF,R_DISC,A
OH_ZANT,R_DISC,A
OH_ZMOS,R_DISC,A
OH_ZRAB,R_DISC,A
OH_ZTIC,R_DISC,A
OH_ZFLE,R_DISC,A
OH_ZASE,R_DISC,A
OH_ZWBD,R_DISC,A
OH_ISAQ,R_DISC,A
OH_ISTE,R_DISC,B
OH_ISIN,R_DISC,A
OH_SWP,R_DISC,A
OH_WDAV,R_DISC,A
OH_WDAQ,R_DISC,A
OH_WDTE,R_DISC,A
FIRE,R_DISC,C
MET_COLD,R_DISC,A
MET_DRO,R_DISC,A
MET_HEAT,R_DISC,A
MET_HAIL,R_DISC,A
MET_LIGH,R_DISC,A
MET_HSS,R_DISC,A
MET_HWI,R_DISC,A
MET_ICE,R_DISC,A
MET_SNOW,R_DISC,A
MET_TOR,R_DISC,A
GEO_CEC,R_DISC,B
GEO_CES,R_DISC,B
GEO_CWL,R_DISC,C
GEO_CWS,R_DISC,C
GEO_FWCS,R_DISC,C
GEO_ESZ,R_DISC,D
GEO_EMAJ,R_DISC,D
GEO_EMIN,R_DISC,C
GEO_LSF,R_DISC,C
GEO_LSS,R_DISC,C
GEO_LSDF,R_DISC,C
GEO_LSSU,R_DISC,A
GEO_LSMD,R_DISC,A
GEO_KARST,R_DISC,A
GEO_SW,R_DISC,A
GEO_FW,R_DISC,C
GEO_FF,R_DISC,C
GEO_TD,R_DISC,A
GEO_TLR,R_DISC,A
GEO_TLP,R_DISC,A
GEO_VLAH,R_DISC,C
GEO_VPLF,R_DISC,C
GEO_VPF,R_DISC,E
GEO_VLAVA,R_DISC,D
GEO_VOG,R_DISC,A
GEO_VASH,R_DISC,A
TECH_CONT,R_DISC,C
TECH_FLTX,R_DISC,C
TECH_LFILL,R_DISC,B
TECH_SUFU,R_DISC,C
TECH_NGEX,R_DISC,A
TECH_OIL,R_DISC,B
TECH_POW,R_DISC,A
TECH_RAD,R_DISC,E
TECH_INF,R_DISC,A
TECH_IDAM,R_DISC,C
TECH_ILEV,R_DISC,C
ADV_AS,R_DISC,A
ADV_CRBO,R_DISC,A
ADV_CDATA,R_DISC,A
ADV_CPI,R_DISC,A
ADV_SLE,R_DISC,A
ADV_TEV,R_DISC,B
OH_ILG,R_LAW,C
OH_ILP,R_LAW,C
OH_THAB,R_LAW,A
OH_TMIN,R_LAW,E
OH_TASB,R_LAW,C
OH_TRAD,R_LAW,C
OH_TVFF,R_LAW,C
OH_ZANT,R_LAW,C
OH_ZMOS,R_LAW,B
OH_ZRAB,R_LAW,C
OH_ZTIC,R_LAW,B
OH_ZFLE,R_LAW,C
OH_ZASE,R_LAW,C
OH_ZWBD,R_LAW,C
OH_ISAQ,R_LAW,B
OH_ISTE,R_LAW,C
OH_ISIN,R_LAW,B
OH_SWP,R_LAW,D
OH_WDAV,R_LAW,C
OH_WDAQ,R_LAW,C
OH_WDTE,R_LAW,C
FIRE,R_LAW,C
MET_COLD,R_LAW,B
MET_DRO,R_LAW,D
MET_HEAT,R_LAW,C
MET_HAIL,R_LAW,B
MET_LIGH,R_LAW,B
MET_HSS,R_LAW,E
MET_HWI,R_LAW,E
MET_ICE,R_LAW,C
MET_SNOW,R_LAW,C
MET_TOR,R_LAW,C
GEO_CEC,R_LAW,C
GEO_CES,R_LAW,E
GEO_CWL,R_LAW,E
GEO_CWS,R_LAW,D
GEO_FWCS,R_LAW,E
GEO_ESZ,R_LAW,D
GEO_EMAJ,R_LAW,D
GEO_EMIN,R_LAW,C
GEO_LSF,R_LAW,E
GEO_LSS,R_LAW,E
GEO_LSDF,R_LAW,E
GEO_LSSU,R_LAW,C
GEO_LSMD,R_LAW,E
GEO_KARST,R_LAW,D
GEO_SW,R_LAW,A
GEO_FW,R_LAW,E
GEO_FF,R_LAW,E
GEO_TD,R_LAW,B
GEO_TLR,R_LAW,B
GEO_TLP,R_LAW,C
GEO_VLAH,R_LAW,C
GEO_VPLF,R_LAW,C
GEO_VPF,R_LAW,C
GEO_VLAVA,R_LAW,C
GEO_VOG,R_LAW,B
GEO_VASH,R_LAW,B
TECH_CONT,R_LAW,E
TECH_FLTX,R_LAW,E
TECH_LFILL,R_LAW,E
TECH_SUFU,R_LAW,E
TECH_NGEX,R_LAW,E
TECH_OIL,R_LAW,E
TECH_POW,R_LAW,C
TECH_RAD,R_LAW,E
TECH_INF,R_LAW,E
TECH_IDAM,R_LAW,E
TECH_ILEV,R_LAW,E
ADV_AS,R_LAW,A
ADV_CRBO,R_LAW,E
ADV_CDATA,R_LAW,E
ADV_CPI,R_LAW,E
ADV_SLE,R_LAW,E
ADV_TEV,R_LAW,E
OH_ILG,R_BEN,E
OH_ILP,R_BEN,A
OH_THAB,R_BEN,E
OH_TMIN,R_BEN,E
OH_TASB,R_BEN,E
OH_TRAD,R_BEN,E
OH_TVFF,R_BEN,E
OH_ZANT,R_BEN,E
OH_ZMOS,R_BEN,E
OH_ZRAB,R_BEN,E
OH_ZTIC,R_BEN,E
OH_ZFLE,R_BEN,E
OH_ZASE,R_BEN,E
OH_ZWBD,R_BEN,E
OH_ISAQ,R_BEN,B
OH_ISTE,R_BEN,B
OH_ISIN,R_BEN,E
OH_SWP,R_BEN,E
OH_WDAV,R_BEN,E
OH_WDAQ,R_BEN,E
OH_WDTE,R_BEN,E
FIRE,R_BEN,B
MET_COLD,R_BEN,C
MET_DRO,R_BEN,E
MET_HEAT,R_BEN,E
MET_HAIL,R_BEN,E
MET_LIGH,R_BEN,B
MET_HSS,R_BEN,E
MET_HWI,R_BEN,E
MET_ICE,R_BEN,E
MET_SNOW,R_BEN,E
MET_TOR,R_BEN,E
GEO_CEC,R_BEN,D
GEO_CES,R_BEN,D
GEO_CWL,R_BEN,C
GEO_CWS,R_BEN,C
GEO_FWCS,R_BEN,C
GEO_ESZ,R_BEN,D
GEO_EMAJ,R_BEN,D
GEO_EMIN,R_BEN,D
GEO_LSF,R_BEN,D
GEO_LSS,R_BEN,D
GEO_LSDF,R_BEN,D
GEO_LSSU,R_BEN,D
GEO_LSMD,R_BEN,E
GEO_KARST,R_BEN,B
GEO_SW,R_BEN,E
GEO_FW,R_BEN,B
GEO_FF,R_BEN,C
GEO_TD,R_BEN,D
GEO_TLR,R_BEN,D
GEO_TLP,R_BEN,D
GEO_VLAH,R_BEN,D
GEO_VPLF,R_BEN,E
GEO_VPF,R_BEN,B
GEO_VLAVA,R_BEN,E
GEO_VOG,R_BEN,D
GEO_VASH,R_BEN,C
TECH_CONT,R_BEN,E
TECH_FLTX,R_BEN,E
TECH_LFILL,R_BEN,E
TECH_SUFU,R_BEN,E
TECH_NGEX,R_BEN,E
TECH_OIL,R_BEN,E
TECH_POW,R_BEN,C
TECH_RAD,R_BEN,E
TECH_INF,R_BEN,E
TECH_IDAM,R_BEN,C
TECH_ILEV,R_BEN,C
ADV_AS,R_BEN,E
ADV_CRBO,R_BEN,E
ADV_CDATA,R_BEN,E
ADV_CPI,R_BEN,E
ADV_SLE,R_BEN,E
ADV_TEV,R_BEN,E
OH_ILG,R_MED,A
OH_ILP,R_MED,E
OH_THAB,R_MED,C
OH_TMIN,R_MED,D
OH_TASB,R_MED,D
OH_TRAD,R_MED,A
OH_TVFF,R_MED,C
OH_ZANT,R_MED,C
OH_ZMOS,R_MED,D
OH_ZRAB,R_MED,D
OH_ZTIC,R_MED,C
OH_ZFLE,R_MED,D
OH_ZASE,R_MED,D
OH_ZWBD,R_MED,D
OH_ISAQ,R_MED,C
OH_ISTE,R_MED,C
OH_ISIN,R_MED,C
OH_SWP,R_MED,B
OH_WDAV,R_MED,C
OH_WDAQ,R_MED,C
OH_WDTE,R_MED,B
FIRE,R_MED,D
MET_COLD,R_MED,C
MET_DRO,R_MED,C
MET_HEAT,R_MED,C
MET_HAIL,R_MED,B
MET_LIGH,R_MED,B
MET_HSS,R_MED,D
MET_HWI,R_MED,D
MET_ICE,R_MED,C
MET_SNOW,R_MED,C
MET_TOR,R_MED,D
GEO_CEC,R_MED,C
GEO_CES,R_MED,D
GEO_CWL,R_MED,D
GEO_CWS,R_MED,D
GEO_FWCS,R_MED,D
GEO_ESZ,R_MED,E
GEO_EMAJ,R_MED,E
GEO_EMIN,R_MED,D
GEO_LSF,R_MED,D
GEO_LSS,R_MED,C
GEO_LSDF,R_MED,D
GEO_LSSU,R_MED,E
GEO_LSMD,R_MED,E
GEO_KARST,R_MED,B
GEO_SW,R_MED,E
GEO_FW,R_MED,D
GEO_FF,R_MED,C
GEO_TD,R_MED,D
GEO_TLR,R_MED,E
GEO_TLP,R_MED,D
GEO_VLAH,R_MED,E
GEO_VPLF,R_MED,C
GEO_VPF,R_MED,E
GEO_VLAVA,R_MED,E
GEO_VOG,R_MED,C
GEO_VASH,R_MED,E
TECH_CONT,R_MED,C
TECH_FLTX,R_MED,D
TECH_LFILL,R_MED,B
TECH_SUFU,R_MED,C
TECH_NGEX,R_MED,D
TECH_OIL,R_MED,D
TECH_POW,R_MED,C
TECH_RAD,R_MED,E
TECH_INF,R_MED,C
TECH_IDAM,R_MED,D
TECH_ILEV,R_MED,C
ADV_AS,R_MED,E
ADV_CRBO,R_MED,E
ADV_CDATA,R_MED,E
ADV_CPI,R_MED,E
ADV_SLE,R_MED,E
ADV_TEV,R_MED,E
